{"lengths": [60, 1360, 1360, 1232, 294], "intervals": [0, 0.136321, 0.00013, 0.000236, 0.143045]}