{"lengths": [638, 638, 638, 638, 638], "intervals": [0, 31.780115, 41.536418, 36.019333, 36.705152]}