{"lengths": [60, 52, 189, 52, 52], "intervals": [0, 0.20962, 0.00018, 0.247002, 19.875354]}