{"lengths": [60, 52, 189, 52, 52], "intervals": [0, 0.221843, 0.00074, 0.252012, 19.637723]}