{"lengths": [60, 52, 202, 108, 94], "intervals": [0, 0.210695, 4.4e-05, 0.20947, 7.1e-05]}