{"lengths": [52, 52, 105, 52, 52], "intervals": [0, 45.199849, 1.619932, 1.8e-05, 5.845867]}