{"lengths": [1378, 65, 903, 182, 68], "intervals": [0, 0.213318, 11.247963, 0.000167, 0.261095]}