{"lengths": [52, 52, 178, 98, 1360], "intervals": [0, 45.208061, 25.673575, 5.9e-05, 8.9e-05]}