{"lengths": [94, 96, 97, 89, 93], "intervals": [0, 201.473779, 171.298414, 314.441033, 52.462445]}