{"lengths": [52, 52, 52, 52, 0], "intervals": [0, 15.207598, 5.044375, 1.077022, 0]}