{"lengths": [60, 52, 569, 52, 239], "intervals": [0, 0.207785, 0.000184, 0.206087, 0.001286]}