{"lengths": [60, 52, 189, 52, 633], "intervals": [0, 0.206761, 0.00056, 0.206641, 0.002321]}