{"lengths": [60, 52, 189, 52, 633], "intervals": [0, 0.206954, 2.2e-05, 0.207365, 0.001525]}