{"lengths": [1378, 939, 65, 65, 560], "intervals": [0, 0.000666, 0.224616, 0.042716, 7.68642]}