{"lengths": [1378, 939, 65, 68, 552], "intervals": [0, 0.000144, 0.207335, 0.249634, 7.420082]}