{"lengths": [60, 52, 569, 52, 103], "intervals": [0, 0.207995, 0.000281, 0.254736, 0.000462]}