{"lengths": [60, 52, 52, 52, 0], "intervals": [0, 0.207128, 10.001926, 0.205429, 0]}