{"lengths": [1378, 60, 1009, 0, 0], "intervals": [0, 0.207709, 0.020359, 0, 0]}