{"lengths": [60, 52, 569, 52, 239], "intervals": [0, 0.21184, 0.000635, 0.216302, 0.001929]}