{"lengths": [60, 52, 1360, 1360, 1347], "intervals": [0, 0.209938, 0.001066, 9.4e-05, 5.6e-05]}