{"lengths": [60, 52, 1360, 1360, 1349], "intervals": [0, 0.220311, 1.3e-05, 3.5e-05, 0.000117]}