{"lengths": [1378, 60, 311, 188, 146], "intervals": [0, 0.214567, 0.018311, 7.772639, 22.001568]}