{"lengths": [145, 146, 146, 146, 147], "intervals": [0, 3.00293, 9.999279, 17.096298, 15.00631]}