{"lengths": [329, 52, 329, 52, 329], "intervals": [0, 0.274044, 40.121459, 0.278562, 38.828995]}