{"lengths": [40, 40, 40, 40, 40], "intervals": [0, 45.216059, 45.215965, 45.212071, 38.5004]}