{"lengths": [52, 52, 52, 0, 0], "intervals": [0, 0.036088, 0.708547, 0, 0]}