{"lengths": [1378, 917, 182, 68, 400], "intervals": [0, 0.220584, 9.9e-05, 0.25892, 11.25703]}