{"lengths": [1378, 63, 147, 0, 0], "intervals": [0, 0.939697, 0.018872, 0, 0]}