{"lengths": [60, 52, 569, 52, 239], "intervals": [0, 0.207231, 0.000372, 0.205723, 0.002085]}