{"lengths": [1378, 937, 65, 933, 68], "intervals": [0, 0.000209, 0.208966, 0.207094, 0.043607]}