{"lengths": [1378, 63, 147, 0, 0], "intervals": [0, 11.461302, 0.024277, 0, 0]}