{"lengths": [60, 52, 192, 52, 1360], "intervals": [0, 0.214058, 0.000172, 0.217329, 0.004575]}