{"lengths": [60, 52, 189, 52, 52], "intervals": [0, 0.213003, 2.3e-05, 0.250245, 19.888191]}