{"lengths": [1378, 65, 903, 181, 68], "intervals": [0, 0.213315, 0.731737, 0.000161, 0.25243]}