{"lengths": [52, 52, 52, 52, 52], "intervals": [0, 45.203972, 45.208018, 45.223938, 13.880062]}