{"lengths": [60, 52, 260, 52, 52], "intervals": [0, 0.221445, 0.000184, 0.224363, 4.8e-05]}