{"lengths": [52, 52, 52, 52, 52], "intervals": [0, 45.219984, 45.236081, 45.220001, 45.219949]}