{"lengths": [1378, 937, 65, 933, 68], "intervals": [0, 0.000403, 0.215186, 0.213271, 0.045514]}