{"lengths": [1378, 938, 65, 65, 555], "intervals": [0, 0.000294, 0.209293, 0.042649, 7.633933]}