{"lengths": [60, 52, 569, 52, 103], "intervals": [0, 0.209159, 0.000206, 0.220857, 0.000532]}