{"lengths": [60, 52, 189, 52, 52], "intervals": [0, 0.22117, 1.8e-05, 0.251912, 9.956662]}