{"lengths": [1378, 60, 324, 0, 0], "intervals": [0, 0.230056, 0.025338, 0, 0]}