{"lengths": [60, 52, 569, 52, 103], "intervals": [0, 0.217544, 0.00059, 0.248886, 0.000434]}