{"lengths": [52, 52, 52, 52, 0], "intervals": [0, 15.998153, 0.037891, 3.24768, 0]}