{"lengths": [52, 52, 52, 52, 52], "intervals": [0, 45.224039, 45.211945, 45.212053, 45.215979]}