{"lengths": [52, 52, 52, 52, 52], "intervals": [0, 45.200001, 45.195999, 45.200003, 32.455943]}