{"lengths": [40, 40, 40, 40, 40], "intervals": [0, 45.212847, 45.213424, 45.208948, 29.155034]}