{"lengths": [52, 52, 52, 0, 0], "intervals": [0, 45.22902, 38.784749, 0, 0]}