{"lengths": [60, 52, 202, 108, 94], "intervals": [0, 0.230013, 5.9e-05, 0.23549, 7.1e-05]}