{"lengths": [60, 52, 52, 52, 0], "intervals": [0, 0.205085, 10.000293, 0.203153, 0]}