{"lengths": [52, 52, 52, 0, 0], "intervals": [0, 16.012004, 2.727102, 0, 0]}