{"lengths": [60, 52, 569, 52, 103], "intervals": [0, 0.208121, 0.000154, 0.21671, 0.000248]}