{"lengths": [60, 52, 189, 52, 52], "intervals": [0, 0.207099, 0.000214, 0.245859, 19.928666]}