{"lengths": [60, 52, 189, 52, 52], "intervals": [0, 0.255031, 1.6e-05, 0.247525, 9.961847]}