{"lengths": [60, 52, 569, 52, 239], "intervals": [0, 0.215654, 0.000557, 0.214775, 0.007955]}