{"lengths": [1378, 60, 310, 164, 145], "intervals": [0, 0.218802, 0.021971, 0.731197, 28.996544]}