{"lengths": [60, 52, 569, 52, 103], "intervals": [0, 0.207991, 0.000191, 0.244744, 0.000739]}