{"lengths": [40, 40, 40, 40, 40], "intervals": [0, 45.211976, 45.21196, 45.212032, 45.212]}