{"lengths": [60, 52, 569, 52, 103], "intervals": [0, 0.20703, 0.000158, 0.211014, 0.000395]}