{"lengths": [52, 52, 52, 52, 115], "intervals": [0, 45.209292, 45.218205, 45.207447, 13.674197]}