{"lengths": [60, 52, 189, 52, 633], "intervals": [0, 0.205605, 0.000184, 0.206093, 0.002026]}