{"lengths": [52, 52, 52, 52, 52], "intervals": [0, 45.216435, 45.213325, 45.214829, 45.213162]}