{"lengths": [1378, 937, 65, 933, 68], "intervals": [0, 0.000155, 0.220026, 0.218205, 0.049185]}