{"lengths": [60, 52, 189, 52, 52], "intervals": [0, 0.237305, 0.000222, 0.247349, 9.960159]}