{"lengths": [60, 52, 569, 52, 103], "intervals": [0, 0.205629, 0.000602, 0.212652, 0.001226]}