{"lengths": [40, 40, 40, 71, 40], "intervals": [0, 45.132996, 45.130278, 44.577442, 3.1e-05]}