{"lengths": [60, 52, 251, 52, 52], "intervals": [0, 0.218179, 0.000163, 0.216945, 0.000223]}