{"lengths": [1378, 379, 65, 375, 71], "intervals": [0, 0.00084, 0.207542, 0.20858, 0.003968]}