{"lengths": [60, 52, 189, 52, 52], "intervals": [0, 0.21086, 4.4e-05, 0.247389, 19.910605]}