{"lengths": [60, 52, 284, 52, 52], "intervals": [0, 0.132091, 0.000357, 0.137453, 0.000288]}