{"lengths": [1378, 324, 190, 145, 147], "intervals": [0, 0.018225, 1.999659, 28.005473, 11.996102]}