{"lengths": [60, 52, 189, 52, 52], "intervals": [0, 0.220951, 0.000127, 0.252156, 9.955295]}