{"lengths": [52, 40, 40, 40, 0], "intervals": [0, 0.003529, 2.9e-05, 0.200941, 0]}