{"lengths": [52, 52, 52, 52, 52], "intervals": [0, 45.204099, 45.203935, 45.20403, 45.208]}