{"lengths": [52, 52, 52, 52, 52], "intervals": [0, 39.493383, 0.000699, 0.000157, 8.2e-05]}