{"lengths": [1378, 60, 1378, 1378, 1378], "intervals": [0, 0.203723, 0.002723, 0.000237, 0.000233]}