{"lengths": [60, 52, 189, 52, 633], "intervals": [0, 0.208218, 0.000365, 0.210447, 0.002322]}