{"lengths": [52, 52, 52, 105, 52], "intervals": [0, 45.208988, 45.221854, 38.728997, 0.000134]}