{"lengths": [40, 40, 40, 40, 40], "intervals": [0, 45.207727, 45.209062, 45.214373, 45.20897]}