{"lengths": [60, 52, 1360, 1360, 1347], "intervals": [0, 0.206211, 0.00049, 0.000309, 0.000166]}