{"lengths": [60, 52, 189, 52, 52], "intervals": [0, 0.206631, 0.000357, 0.247165, 19.917539]}