{"lengths": [567, 65, 544, 65, 544], "intervals": [0, 0.259646, 2.741047, 0.261373, 9.735147]}