{"lengths": [1078, 540, 52, 1092, 543], "intervals": [0, 0.0002, 0.265003, 0.000575, 6e-05]}