{"lengths": [1378, 1378, 1378, 1378, 1378], "intervals": [0, 0.000192, 2.2e-05, 0.000171, 7.6e-05]}