{"lengths": [60, 52, 569, 52, 103], "intervals": [0, 0.217235, 0.000149, 0.233188, 0.00045]}