{"lengths": [60, 52, 569, 52, 103], "intervals": [0, 0.206317, 0.000616, 0.206325, 0.000547]}