{"lengths": [52, 52, 115, 52, 52], "intervals": [0, 45.220964, 13.636283, 0.00011, 0.223938]}