{"lengths": [1378, 379, 65, 71, 68], "intervals": [0, 0.000152, 0.205622, 0.206367, 0.000344]}