{"lengths": [40, 40, 40, 40, 40], "intervals": [0, 45.219998, 45.219955, 45.219994, 29.380805]}