{"lengths": [40, 40, 40, 40, 40], "intervals": [0, 45.131955, 45.132009, 44.709271, 0.000148]}