{"lengths": [60, 52, 569, 52, 103], "intervals": [0, 0.206473, 0.000652, 0.207509, 0.000924]}