{"lengths": [1378, 280, 66, 71, 0], "intervals": [0, 0.221406, 2.3e-05, 0.236596, 0]}