{"lengths": [60, 52, 189, 52, 52], "intervals": [0, 0.232851, 0.00049, 0.247834, 9.96525]}