{"lengths": [105, 52, 52, 0, 0], "intervals": [0, 0.000145, 0.197706, 0, 0]}