{"lengths": [60, 52, 254, 52, 52], "intervals": [0, 0.22416, 0.000479, 0.22252, 0.000405]}