{"lengths": [60, 52, 52, 52, 52], "intervals": [0, 0.219462, 1.075047, 8.925639, 0.219238]}