{"lengths": [1378, 357, 65, 68, 0], "intervals": [0, 0.000217, 0.208189, 0.254841, 0]}