{"lengths": [60, 52, 52, 52, 0], "intervals": [0, 0.210878, 10.00097, 0.208321, 0]}