{"lengths": [1378, 947, 555, 65, 71], "intervals": [0, 0.000591, 0.000247, 0.214746, 0.027285]}