{"lengths": [52, 52, 52, 52, 0], "intervals": [0, 44.752217, 0.039784, 8.849343, 0]}