{"lengths": [52, 52, 52, 115, 52], "intervals": [0, 45.204974, 45.20457, 13.751999, 3.7e-05]}