{"lengths": [52, 52, 52, 0, 0], "intervals": [0, 16.032051, 2.483514, 0, 0]}