{"lengths": [1099, 534, 52, 1113, 538], "intervals": [0, 0.000117, 0.259644, 0.000756, 7.1e-05]}