{"lengths": [60, 1360, 1360, 1232, 294], "intervals": [0, 0.13782, 0.000309, 0.000284, 0.137555]}