{"lengths": [60, 52, 198, 108, 94], "intervals": [0, 0.216078, 0.0005, 0.220171, 0.000469]}