{"lengths": [52, 52, 52, 115, 52], "intervals": [0, 45.202684, 45.204722, 13.732553, 0.00025]}