{"lengths": [52, 52, 52, 0, 0], "intervals": [0, 16.032067, 2.483534, 0, 0]}