{"lengths": [60, 208, 52, 83, 52], "intervals": [0, 0.133401, 0.172283, 18.541422, 0.000139]}