{"lengths": [52, 52, 52, 83, 52], "intervals": [0, 45.197257, 45.197096, 0.086757, 3.4e-05]}