{"lengths": [60, 52, 122, 52, 52], "intervals": [0, 0.277173, 0.001052, 0.278593, 0.00038]}