{"lengths": [1378, 63, 60, 60, 322], "intervals": [0, 11.797849, 1.7e-05, 0.000272, 0.108606]}