{"lengths": [1378, 270, 274, 70, 71], "intervals": [0, 0.21719, 4.7e-05, 0.245248, 7.7e-05]}