{"lengths": [60, 52, 569, 52, 103], "intervals": [0, 0.133198, 0.000406, 0.132934, 0.000815]}