{"lengths": [1378, 918, 889, 68, 0], "intervals": [0, 0.209036, 6.6e-05, 0.261137, 0]}