{"lengths": [1378, 933, 65, 68, 555], "intervals": [0, 0.000512, 0.218703, 0.259367, 1.510202]}