{"lengths": [1378, 60, 311, 57, 187], "intervals": [0, 0.208673, 0.017322, 0.227705, 7.553046]}