{"lengths": [60, 52, 569, 52, 103], "intervals": [0, 0.215634, 0.000419, 0.208508, 0.000756]}