{"lengths": [60, 52, 189, 52, 633], "intervals": [0, 0.20697, 5.7e-05, 0.207894, 0.00184]}