{"lengths": [170, 70, 69, 69, 69], "intervals": [0, 0.042187, 0.182081, 0.000202, 0.000524]}