{"lengths": [52, 52, 52, 0, 0], "intervals": [0, 0.039527, 1.377847, 0, 0]}