{"lengths": [52, 52, 105, 52, 0], "intervals": [0, 45.200544, 29.880512, 2.1e-05, 0]}