{"lengths": [60, 52, 198, 108, 94], "intervals": [0, 0.214347, 0.000463, 0.217871, 2.5e-05]}