{"lengths": [60, 52, 189, 52, 633], "intervals": [0, 0.205593, 7.6e-05, 0.20818, 0.00245]}