{"lengths": [60, 52, 1360, 1360, 1347], "intervals": [0, 0.203727, 0.001036, 0.001818, 6.9e-05]}