{"lengths": [1378, 357, 65, 353, 68], "intervals": [0, 0.000264, 0.209612, 0.207455, 0.046214]}