{"lengths": [52, 52, 52, 52, 52], "intervals": [0, 45.19915, 45.200545, 45.199682, 45.199144]}