{"lengths": [1378, 65, 383, 1378, 1378], "intervals": [0, 0.208611, 11.588898, 0.000116, 5.5e-05]}