{"lengths": [52, 115, 52, 52, 0], "intervals": [0, 13.638067, 3.1e-05, 0.234974, 0]}