{"lengths": [60, 52, 189, 52, 52], "intervals": [0, 0.211418, 2.2e-05, 0.246232, 19.91389]}