{"lengths": [60, 52, 202, 108, 94], "intervals": [0, 0.212519, 5.1e-05, 0.214106, 4.1e-05]}