{"lengths": [52, 52, 83, 52, 52], "intervals": [0, 45.265865, 43.902328, 3e-05, 0.264569]}