{"lengths": [60, 52, 569, 52, 103], "intervals": [0, 0.209933, 0.0002, 0.209497, 0.000747]}