{"lengths": [1378, 492, 60, 1378, 353], "intervals": [0, 0.20766, 8e-06, 0.211196, 5.2e-05]}