{"lengths": [60, 52, 569, 52, 103], "intervals": [0, 0.206761, 0.00048, 0.215387, 0.000637]}