{"lengths": [1378, 65, 938, 65, 550], "intervals": [0, 0.213367, 7.677828, 0.258058, 21.845634]}