{"lengths": [1378, 60, 310, 187, 145], "intervals": [0, 0.206176, 0.018483, 7.675712, 22.114455]}