{"lengths": [60, 52, 202, 108, 94], "intervals": [0, 0.20493, 0.000266, 0.207501, 2.7e-05]}