{"lengths": [52, 52, 52, 0, 0], "intervals": [0, 15.967964, 0.057079, 0, 0]}