{"lengths": [52, 52, 52, 52, 0], "intervals": [0, 13.935146, 0.000131, 6.8e-05, 0]}