{"lengths": [60, 52, 198, 108, 94], "intervals": [0, 0.215435, 5.8e-05, 0.216639, 6.8e-05]}