{"lengths": [1378, 357, 65, 68, 0], "intervals": [0, 0.000151, 0.216855, 0.253929, 0]}