{"lengths": [1049, 52, 1097, 52, 1097], "intervals": [0, 0.212169, 9.787957, 0.250088, 10.668754]}