{"lengths": [63, 60, 175, 1378, 1378], "intervals": [0, 4.5e-05, 0.016611, 0.001056, 0.000177]}