{"lengths": [60, 52, 569, 52, 103], "intervals": [0, 0.207127, 0.000552, 0.215706, 0.000855]}