{"lengths": [60, 52, 1360, 1360, 1347], "intervals": [0, 0.206411, 0.000576, 0.000267, 4e-05]}