{"lengths": [1378, 918, 889, 68, 400], "intervals": [0, 0.205703, 2.6e-05, 0.265575, 20.89147]}