{"lengths": [52, 83, 52, 52, 0], "intervals": [0, 15.750191, 2.1e-05, 2.765358, 0]}