{"lengths": [60, 52, 189, 52, 64], "intervals": [0, 0.207745, 5.1e-05, 1.247149, 0.09812]}