{"lengths": [60, 52, 189, 52, 633], "intervals": [0, 0.208042, 0.000165, 0.208251, 0.003446]}