{"lengths": [60, 52, 569, 52, 103], "intervals": [0, 0.206938, 0.000541, 0.207872, 0.000468]}