{"lengths": [60, 52, 1360, 1360, 1348], "intervals": [0, 0.213989, 0.008698, 0.000863, 3.9e-05]}