{"lengths": [93, 87, 89, 87, 85], "intervals": [0, 285.777139, 217.874312, 143.121972, 100.150957]}