{"lengths": [52, 52, 52, 52, 52], "intervals": [0, 45.207961, 45.200035, 45.200035, 29.876395]}