{"lengths": [40, 40, 40, 40, 40], "intervals": [0, 45.219429, 45.220608, 45.246835, 45.221095]}