{"lengths": [1378, 482, 60, 1378, 288], "intervals": [0, 0.204555, 4.3e-05, 0.205393, 8.7e-05]}