{"lengths": [40, 40, 40, 40, 40], "intervals": [0, 45.211908, 45.212093, 45.211995, 29.154688]}