{"lengths": [52, 52, 52, 52, 0], "intervals": [0, 45.199973, 1.860003, 5.586888, 0]}