{"lengths": [258, 258, 258, 258, 258], "intervals": [0, 30.073741, 30.080754, 30.077764, 30.080361]}