{"lengths": [60, 52, 569, 52, 103], "intervals": [0, 0.205942, 0.000188, 0.206974, 0.000264]}