{"lengths": [60, 52, 52, 52, 0], "intervals": [0, 0.22225, 10.001719, 0.214668, 0]}