{"lengths": [52, 52, 52, 52, 40], "intervals": [0, 45.207974, 45.208053, 38.739661, 0.214968]}