{"lengths": [60, 52, 569, 52, 103], "intervals": [0, 0.205616, 0.000436, 0.226739, 0.000387]}