{"lengths": [60, 52, 569, 52, 103], "intervals": [0, 0.209797, 0.000427, 0.208083, 0.000274]}