{"lengths": [52, 52, 52, 52, 52], "intervals": [0, 45.203917, 45.205374, 45.205207, 45.207686]}