{"lengths": [52, 52, 936, 98, 52], "intervals": [0, 45.204078, 39.992842, 0.000211, 0.206945]}