{"lengths": [52, 52, 52, 52, 0], "intervals": [0, 15.997334, 0.038715, 9.861415, 0]}