{"lengths": [60, 52, 189, 52, 633], "intervals": [0, 0.209628, 5e-05, 0.209645, 0.002679]}