{"lengths": [52, 52, 52, 52, 0], "intervals": [0, 15.95353, 0.038503, 2.465252, 0]}