{"lengths": [1378, 937, 65, 68, 558], "intervals": [0, 0.000694, 0.218539, 0.265047, 0.466986]}