{"lengths": [638, 638, 638, 638, 638], "intervals": [0, 40.395422, 39.108613, 54.864209, 33.221833]}