{"lengths": [1378, 933, 65, 68, 555], "intervals": [0, 0.000258, 0.210606, 0.248792, 2.537665]}