{"lengths": [60, 52, 202, 108, 94], "intervals": [0, 0.206005, 0.000143, 0.209658, 3e-05]}