{"lengths": [52, 83, 52, 40, 0], "intervals": [0, 44.549585, 0.000348, 9.090519, 0]}