{"lengths": [83, 52, 52, 0, 0], "intervals": [0, 4.999437, 6.581361, 0, 0]}