{"lengths": [1378, 60, 322, 57, 0], "intervals": [0, 0.215576, 0.014326, 0.208437, 0]}