{"lengths": [52, 52, 52, 52, 98], "intervals": [0, 45.204913, 39.992412, 1.6e-05, 1e-05]}