{"lengths": [60, 52, 569, 52, 103], "intervals": [0, 0.209187, 0.00058, 0.210365, 0.000362]}