{"lengths": [52, 52, 52, 52, 52], "intervals": [0, 45.215566, 45.211428, 45.214025, 45.213961]}