{"lengths": [52, 52, 52, 0, 0], "intervals": [0, 45.215994, 13.893294, 0, 0]}