{"lengths": [60, 52, 189, 52, 633], "intervals": [0, 0.207036, 0.000399, 0.208856, 0.002323]}