{"lengths": [63, 60, 168, 1378, 1378], "intervals": [0, 0.000179, 0.019986, 0.00111, 4.4e-05]}