{"lengths": [60, 52, 255, 52, 52], "intervals": [0, 0.204285, 0.000681, 0.204053, 0.001809]}