{"lengths": [60, 52, 1360, 1360, 1360], "intervals": [0, 0.209089, 0.007336, 8.8e-05, 5.4e-05]}