{"lengths": [60, 52, 251, 52, 52], "intervals": [0, 0.206192, 0.00023, 0.209908, 0.000172]}