{"lengths": [60, 52, 189, 52, 52], "intervals": [0, 0.215897, 0.000418, 0.246158, 19.882171]}