{"lengths": [52, 52, 52, 52, 52], "intervals": [0, 45.203786, 45.205771, 45.20279, 45.203455]}