{"lengths": [60, 52, 569, 52, 103], "intervals": [0, 0.207329, 0.000227, 0.207088, 0.000787]}