{"lengths": [52, 52, 52, 52, 52], "intervals": [0, 45.204012, 45.203989, 13.93928, 7e-05]}