{"lengths": [52, 52, 52, 115, 52], "intervals": [0, 45.211795, 45.212088, 13.682141, 2.4e-05]}