{"lengths": [1378, 60, 311, 57, 188], "intervals": [0, 0.216521, 0.017188, 0.221501, 8.561969]}