{"lengths": [60, 52, 189, 52, 633], "intervals": [0, 0.214279, 0.000499, 0.20891, 0.000871]}