{"lengths": [1378, 60, 147, 0, 0], "intervals": [0, 0.210914, 0.026048, 0, 0]}