{"lengths": [60, 52, 569, 52, 103], "intervals": [0, 0.215021, 0.00016, 0.215552, 0.000885]}