{"lengths": [1378, 60, 147, 63, 120], "intervals": [0, 0.211134, 0.025017, 11.497763, 0.017382]}