{"lengths": [60, 52, 189, 52, 52], "intervals": [0, 0.258231, 2.5e-05, 0.24903, 9.960481]}