{"lengths": [52, 83, 52, 52, 0], "intervals": [0, 15.749759, 4.6e-05, 2.76522, 0]}