{"lengths": [52, 83, 52, 52, 0], "intervals": [0, 15.75044, 4.2e-05, 2.765378, 0]}