{"lengths": [60, 52, 569, 52, 103], "intervals": [0, 0.209708, 0.000601, 0.209164, 0.00077]}