{"lengths": [1378, 443, 65, 211, 68], "intervals": [0, 0.000301, 0.210378, 0.205391, 0.204903]}