{"lengths": [60, 52, 569, 52, 103], "intervals": [0, 0.207614, 0.000506, 0.209192, 0.000708]}