{"lengths": [60, 52, 569, 52, 239], "intervals": [0, 0.221852, 0.000187, 0.2236, 0.001442]}