{"lengths": [52, 52, 52, 52, 52], "intervals": [0, 45.233467, 45.222599, 45.219833, 45.213052]}