{"lengths": [52, 52, 52, 52, 52], "intervals": [0, 45.232065, 45.216028, 45.21197, 45.215969]}