{"lengths": [1378, 60, 310, 57, 187], "intervals": [0, 0.215869, 0.019324, 0.229293, 7.537645]}