{"lengths": [1378, 1378, 1378, 60, 1008], "intervals": [0, 0.150457, 0.067813, 3.4e-05, 0.019023]}