{"lengths": [63, 60, 169, 1378, 1378], "intervals": [0, 0.000852, 0.020069, 0.000989, 0.000234]}