{"lengths": [52, 83, 52, 52, 0], "intervals": [0, 15.747301, 0.000112, 2.76841, 0]}