{"lengths": [52, 52, 52, 52, 0], "intervals": [0, 45.227968, 38.321126, 0.230848, 0]}