{"lengths": [60, 52, 253, 52, 52], "intervals": [0, 0.207479, 0.000208, 0.206689, 2.3e-05]}