{"lengths": [60, 52, 569, 52, 103], "intervals": [0, 0.2064, 0.000507, 0.206764, 0.000404]}