{"lengths": [60, 52, 569, 52, 103], "intervals": [0, 0.206787, 0.000144, 0.218077, 0.000227]}