{"lengths": [329, 52, 329, 52, 329], "intervals": [0, 0.274485, 50.176477, 0.275906, 37.374764]}