{"lengths": [1378, 420, 65, 416, 68], "intervals": [0, 0.00013, 0.208575, 0.206157, 0.048487]}