{"lengths": [52, 52, 52, 0, 0], "intervals": [0, 13.86852, 0.00019, 0, 0]}