{"lengths": [1378, 324, 191, 146, 147], "intervals": [0, 0.018126, 2.992076, 27.008546, 12.990916]}