{"lengths": [52, 52, 52, 52, 115], "intervals": [0, 45.206238, 45.211096, 45.241413, 13.720887]}