{"lengths": [60, 52, 569, 52, 103], "intervals": [0, 0.208203, 0.000477, 0.214274, 0.000632]}