{"lengths": [60, 52, 569, 52, 103], "intervals": [0, 0.207184, 0.000399, 0.208121, 0.000916]}