{"lengths": [60, 52, 569, 52, 103], "intervals": [0, 0.213314, 0.000508, 0.214228, 0.000261]}