{"lengths": [60, 52, 267, 52, 52], "intervals": [0, 0.214502, 0.00066, 0.217902, 7.2e-05]}