{"lengths": [60, 52, 569, 52, 239], "intervals": [0, 0.231928, 0.000222, 0.229872, 0.004788]}