{"lengths": [60, 52, 569, 52, 239], "intervals": [0, 0.209681, 0.000707, 0.208839, 0.001394]}