{"lengths": [60, 52, 294, 52, 103], "intervals": [0, 0.213265, 0.000459, 0.213747, 0.000885]}