{"lengths": [1378, 324, 190, 145, 146], "intervals": [0, 0.017293, 7.88587, 22.108367, 17.890734]}