{"lengths": [1378, 60, 310, 57, 164], "intervals": [0, 0.221042, 0.02158, 0.219453, 0.197132]}