{"lengths": [60, 52, 1360, 1360, 1360], "intervals": [0, 0.275663, 0.002696, 0.000302, 2.5e-05]}