{"lengths": [1359, 52, 52, 52, 52], "intervals": [0, 0.20887, 3.2e-05, 0.00022, 0.000494]}