{"lengths": [52, 52, 52, 52, 0], "intervals": [0, 15.9611, 0.03886, 0.280972, 0]}