{"lengths": [52, 52, 115, 52, 52], "intervals": [0, 45.211799, 13.721302, 4.5e-05, 0.206502]}