{"lengths": [60, 52, 569, 52, 239], "intervals": [0, 0.217701, 0.000651, 0.214759, 0.004997]}