{"lengths": [52, 52, 52, 52, 52], "intervals": [0, 45.207072, 45.204809, 45.206997, 13.950677]}