{"lengths": [52, 52, 52, 52, 52], "intervals": [0, 45.196004, 45.203976, 45.204035, 37.850725]}