{"lengths": [60, 52, 569, 52, 103], "intervals": [0, 0.205504, 0.000582, 0.241089, 0.000445]}