{"lengths": [40, 40, 40, 40, 40], "intervals": [0, 45.20797, 45.207999, 45.208031, 45.215937]}