{"lengths": [52, 52, 52, 52, 52], "intervals": [0, 45.201417, 45.199116, 45.200294, 45.200995]}