{"lengths": [52, 52, 52, 52, 0], "intervals": [0, 45.212027, 45.211997, 13.897299, 0]}