{"lengths": [60, 52, 569, 52, 239], "intervals": [0, 0.210785, 0.000179, 0.210577, 0.003327]}