{"lengths": [60, 52, 569, 52, 103], "intervals": [0, 0.215096, 0.000161, 0.215367, 0.000912]}