{"lengths": [60, 52, 189, 52, 52], "intervals": [0, 0.216653, 0.002883, 0.24684, 19.888161]}