{"lengths": [52, 52, 52, 52, 105], "intervals": [0, 45.202676, 45.202003, 45.204067, 37.84994]}