{"lengths": [52, 52, 52, 52, 0], "intervals": [0, 15.979978, 0.040017, 0.895712, 0]}