{"lengths": [60, 52, 569, 52, 103], "intervals": [0, 0.208923, 0.000304, 0.215202, 0.000621]}