{"lengths": [60, 52, 253, 52, 52], "intervals": [0, 0.217049, 0.000226, 0.219935, 2e-05]}