{"lengths": [60, 52, 569, 52, 103], "intervals": [0, 0.210413, 0.000217, 0.213391, 0.000261]}