{"lengths": [60, 52, 569, 52, 103], "intervals": [0, 0.207843, 0.00012, 0.208491, 0.00024]}