{"lengths": [1378, 65, 383, 1378, 1378], "intervals": [0, 0.218415, 11.378137, 5.3e-05, 2.5e-05]}