{"lengths": [1378, 60, 310, 188, 146], "intervals": [0, 0.208837, 0.018782, 2.74127, 26.99928]}