{"lengths": [52, 40, 40, 40, 0], "intervals": [0, 0.013022, 0.000134, 0.19771, 0]}