{"lengths": [60, 52, 1360, 1360, 1152], "intervals": [0, 0.215108, 0.00348, 9.4e-05, 0.000147]}