{"lengths": [1378, 60, 148, 63, 121], "intervals": [0, 0.218004, 0.017078, 11.501205, 0.037366]}