{"lengths": [52, 52, 52, 52, 0], "intervals": [0, 15.973706, 0.038244, 4.295074, 0]}