{"lengths": [60, 52, 189, 52, 633], "intervals": [0, 0.208349, 5.7e-05, 0.20918, 0.002379]}