{"lengths": [60, 52, 202, 108, 94], "intervals": [0, 0.204922, 0.000113, 0.211528, 7.4e-05]}