{"lengths": [52, 52, 52, 52, 0], "intervals": [0, 45.219994, 13.860342, 0.00048, 0]}