{"lengths": [52, 83, 52, 52, 0], "intervals": [0, 15.721647, 0.001136, 0.304163, 0]}