{"lengths": [60, 52, 569, 52, 103], "intervals": [0, 0.207849, 0.000456, 0.238152, 0.000274]}