{"lengths": [1378, 60, 311, 147, 0], "intervals": [0, 0.001245, 0.024919, 0.000776, 0]}