{"lengths": [60, 52, 189, 52, 52], "intervals": [0, 0.208424, 4.9e-05, 0.250619, 9.957669]}