{"lengths": [52, 52, 52, 52, 0], "intervals": [0, 45.228026, 38.777052, 0.237791, 0]}