{"lengths": [60, 52, 569, 52, 103], "intervals": [0, 0.218107, 0.000206, 0.209056, 0.000264]}