{"lengths": [1378, 60, 1378, 1378, 1378], "intervals": [0, 0.215448, 0.026181, 0.000639, 2.8e-05]}