{"lengths": [60, 52, 189, 52, 52], "intervals": [0, 0.249261, 0.000272, 0.259111, 9.955857]}