{"lengths": [52, 52, 52, 52, 52], "intervals": [0, 45.199985, 45.208092, 13.957192, 0.000153]}