{"lengths": [52, 52, 52, 52, 0], "intervals": [0, 15.963085, 0.040885, 0.021243, 0]}