{"lengths": [52, 52, 52, 52, 105], "intervals": [0, 45.198691, 45.196239, 45.2017, 32.457898]}