{"lengths": [52, 83, 52, 52, 0], "intervals": [0, 15.69968, 0.00016, 0.325983, 0]}