{"lengths": [60, 52, 569, 52, 103], "intervals": [0, 0.205537, 0.000556, 0.208273, 0.000845]}