{"lengths": [60, 52, 569, 52, 103], "intervals": [0, 0.211124, 0.000473, 0.248389, 0.000475]}