{"lengths": [1378, 917, 181, 68, 397], "intervals": [0, 0.211801, 2.3e-05, 0.261499, 11.266048]}