{"lengths": [52, 52, 750, 52, 52], "intervals": [0, 0.000143, 0.126922, 0.132898, 0.000258]}