{"lengths": [60, 52, 569, 52, 103], "intervals": [0, 0.208031, 0.000194, 0.206857, 0.00089]}