{"lengths": [52, 52, 52, 52, 0], "intervals": [0, 45.211972, 45.212031, 13.897614, 0]}