{"lengths": [52, 52, 52, 0, 0], "intervals": [0, 45.228726, 38.320577, 0, 0]}