{"lengths": [40, 40, 40, 40, 40], "intervals": [0, 45.210567, 45.212181, 45.212912, 45.210624]}