{"lengths": [52, 52, 52, 83, 52], "intervals": [0, 45.26246, 45.256774, 43.92881, 0.000133]}