{"lengths": [60, 52, 569, 52, 103], "intervals": [0, 0.206921, 0.000243, 0.206743, 0.000338]}