{"lengths": [52, 52, 115, 52, 52], "intervals": [0, 45.221059, 13.672209, 1.5e-05, 0.214071]}