{"lengths": [1378, 324, 190, 145, 147], "intervals": [0, 0.019274, 8.000594, 21.992662, 18.006988]}