{"lengths": [60, 52, 189, 52, 52], "intervals": [0, 0.208476, 6.1e-05, 0.246548, 19.914936]}