{"lengths": [60, 52, 122, 52, 52], "intervals": [0, 0.271577, 0.004363, 0.273946, 0.000296]}