{"lengths": [60, 52, 189, 52, 633], "intervals": [0, 0.21822, 1.1e-05, 0.214978, 0.000119]}