{"lengths": [52, 87, 109, 181, 342], "intervals": [0, 39.277843, 0.000704, 0.000168, 8.2e-05]}