{"lengths": [1378, 325, 191, 146, 147], "intervals": [0, 0.018061, 7.942237, 21.99073, 18.006168]}