{"lengths": [60, 52, 569, 52, 103], "intervals": [0, 0.207464, 0.000355, 0.219173, 0.000895]}