{"lengths": [60, 52, 569, 52, 103], "intervals": [0, 0.205755, 0.000506, 0.207864, 0.000508]}