{"lengths": [1378, 60, 76, 1378, 1378], "intervals": [0, 0.001652, 0.000544, 0.001654, 4.8e-05]}