{"lengths": [60, 52, 189, 52, 635], "intervals": [0, 0.211132, 2.8e-05, 0.206649, 0.002323]}