{"lengths": [52, 52, 52, 52, 52], "intervals": [0, 45.204682, 45.204433, 45.204148, 45.203633]}