{"lengths": [1378, 934, 65, 65, 555], "intervals": [0, 0.000245, 0.209063, 0.045007, 1.69548]}