{"lengths": [329, 52, 329, 52, 329], "intervals": [0, 0.272508, 31.507612, 0.275852, 41.260564]}