{"lengths": [60, 52, 569, 52, 103], "intervals": [0, 0.205586, 0.000187, 0.210704, 0.000823]}