{"lengths": [52, 52, 52, 0, 0], "intervals": [0, 15.979951, 0.045164, 0, 0]}