{"lengths": [60, 52, 52, 52, 0], "intervals": [0, 0.204597, 10.00154, 0.204655, 0]}