{"lengths": [52, 83, 52, 52, 0], "intervals": [0, 15.719822, 6.5e-05, 0.562356, 0]}