{"lengths": [1378, 324, 191, 146, 147], "intervals": [0, 0.019194, 1.947991, 28.00949, 11.994251]}