{"lengths": [1378, 60, 323, 0, 0], "intervals": [0, 0.206428, 0.022984, 0, 0]}