{"lengths": [60, 52, 189, 52, 52], "intervals": [0, 0.258097, 2.8e-05, 0.253552, 9.957835]}