{"lengths": [1378, 60, 60, 337, 1378], "intervals": [0, 0.207168, 0.002179, 0.018431, 0.000449]}