{"lengths": [60, 1360, 1360, 1360, 1279], "intervals": [0, 0.222051, 0.000135, 4.6e-05, 0.000361]}