{"lengths": [52, 52, 52, 0, 0], "intervals": [0, 45.207992, 13.935552, 0, 0]}