{"lengths": [60, 52, 569, 52, 103], "intervals": [0, 0.207209, 0.000498, 0.209764, 0.000681]}