{"lengths": [1378, 324, 191, 146, 147], "intervals": [0, 0.018848, 1.988702, 28.003242, 12.004558]}