{"lengths": [60, 52, 569, 52, 103], "intervals": [0, 0.208056, 0.000548, 0.205612, 0.000915]}