{"lengths": [60, 52, 254, 52, 52], "intervals": [0, 0.223971, 0.000481, 0.221895, 4.9e-05]}