{"lengths": [60, 52, 569, 52, 103], "intervals": [0, 0.208568, 0.000568, 0.206743, 0.000554]}