{"lengths": [1378, 379, 65, 71, 68], "intervals": [0, 0.00017, 0.216887, 0.241493, 0.000146]}