{"lengths": [52, 52, 52, 52, 0], "intervals": [0, 45.263939, 44.16936, 0.000168, 0]}