{"lengths": [1378, 60, 323, 0, 0], "intervals": [0, 0.212976, 0.015261, 0, 0]}