{"lengths": [52, 83, 52, 52, 0], "intervals": [0, 15.821607, 8e-05, 2.637341, 0]}