{"lengths": [60, 52, 253, 52, 52], "intervals": [0, 0.232101, 0.000668, 0.224315, 0.0001]}