{"lengths": [52, 52, 52, 52, 115], "intervals": [0, 45.201754, 45.202668, 45.200901, 13.776078]}