{"lengths": [52, 52, 52, 52, 52], "intervals": [0, 45.203992, 45.199967, 0.282877, 0.037148]}