{"lengths": [409, 409, 409, 409, 409], "intervals": [0, 10.004047, 10.008863, 9.99132, 9.999424]}