{"lengths": [60, 52, 569, 52, 103], "intervals": [0, 0.206082, 0.000133, 0.207301, 0.000513]}