{"lengths": [1378, 60, 1008, 0, 0], "intervals": [0, 0.217262, 0.014163, 0, 0]}