{"lengths": [1378, 918, 889, 68, 0], "intervals": [0, 0.208642, 8.4e-05, 0.249661, 0]}