{"lengths": [60, 52, 189, 52, 633], "intervals": [0, 0.2087, 5.6e-05, 0.209481, 0.002903]}