{"lengths": [60, 52, 1360, 1360, 1360], "intervals": [0, 0.274725, 0.004897, 0.000399, 6.3e-05]}