{"lengths": [1378, 60, 324, 0, 0], "intervals": [0, 0.206995, 0.022619, 0, 0]}