{"lengths": [60, 52, 189, 52, 52], "intervals": [0, 0.248887, 2.2e-05, 0.254429, 11.58676]}