{"lengths": [1378, 443, 65, 211, 68], "intervals": [0, 0.000331, 0.208563, 0.207703, 0.21173]}