{"lengths": [1378, 933, 65, 68, 555], "intervals": [0, 0.000223, 0.213391, 0.253313, 2.488151]}