{"lengths": [60, 52, 569, 52, 103], "intervals": [0, 0.210216, 0.000438, 0.207505, 0.000715]}