{"lengths": [60, 52, 189, 52, 52], "intervals": [0, 0.211338, 2.3e-05, 0.261476, 9.947341]}