{"lengths": [60, 52, 189, 52, 635], "intervals": [0, 0.210244, 3e-05, 0.208759, 0.002304]}