{"lengths": [60, 52, 189, 52, 52], "intervals": [0, 0.215497, 3.6e-05, 0.263084, 9.944265]}