{"lengths": [1378, 357, 65, 68, 0], "intervals": [0, 0.000447, 0.23286, 0.280654, 0]}