{"lengths": [60, 52, 569, 52, 103], "intervals": [0, 0.212274, 0.000196, 0.211226, 0.000266]}