{"lengths": [1378, 919, 65, 65, 559], "intervals": [0, 0.000303, 0.209999, 0.044953, 7.747452]}