{"lengths": [52, 52, 52, 83, 52], "intervals": [0, 45.200896, 45.202051, 0.079405, 3.3e-05]}