{"lengths": [60, 52, 189, 52, 633], "intervals": [0, 0.207322, 3.6e-05, 0.20874, 0.000302]}