{"lengths": [60, 52, 569, 52, 239], "intervals": [0, 0.213923, 0.00056, 0.215326, 0.004855]}