{"lengths": [52, 83, 52, 52, 0], "intervals": [0, 15.688948, 0.00015, 0.3368, 0]}