{"lengths": [60, 52, 569, 52, 103], "intervals": [0, 0.206797, 0.000473, 0.206803, 0.000285]}