{"lengths": [60, 52, 202, 108, 94], "intervals": [0, 0.216965, 2.8e-05, 0.209345, 0.000282]}