{"lengths": [52, 83, 52, 52, 0], "intervals": [0, 15.731271, 0.000183, 4.575983, 0]}