{"lengths": [1378, 937, 65, 68, 559], "intervals": [0, 0.000133, 0.218902, 0.258774, 7.512096]}