{"lengths": [633, 1360, 1360, 1360, 1360], "intervals": [0, 5.4e-05, 0.000216, 0.000495, 3.4e-05]}