{"lengths": [60, 52, 263, 52, 52], "intervals": [0, 0.215169, 0.00021, 0.220098, 3.2e-05]}