{"lengths": [60, 52, 1360, 1360, 1153], "intervals": [0, 0.213577, 0.006949, 0.000494, 3.9e-05]}