{"lengths": [60, 52, 189, 52, 633], "intervals": [0, 0.216863, 1.3e-05, 0.209552, 0.001395]}