{"lengths": [258, 258, 258, 258, 258], "intervals": [0, 30.065064, 30.075393, 30.087002, 30.070934]}