{"lengths": [52, 52, 52, 52, 52], "intervals": [0, 45.207988, 45.210619, 45.206772, 45.208799]}