{"lengths": [90, 94, 97, 89, 93], "intervals": [0, 30.69312, 159.436552, 317.110389, 445.577858]}