{"lengths": [60, 52, 189, 52, 52], "intervals": [0, 0.209415, 0.000119, 0.249858, 9.958183]}