{"lengths": [40, 40, 40, 0, 0], "intervals": [0, 45.131986, 44.702213, 0, 0]}