{"lengths": [52, 52, 52, 52, 52], "intervals": [0, 45.208028, 45.207942, 45.208092, 45.208]}