{"lengths": [60, 52, 189, 52, 52], "intervals": [0, 0.241266, 0.000463, 0.250544, 9.956492]}