{"lengths": [60, 52, 189, 52, 52], "intervals": [0, 0.215474, 0.000428, 0.246733, 19.881379]}