{"lengths": [52, 52, 52, 0, 0], "intervals": [0, 0.036541, 1.353958, 0, 0]}