{"lengths": [40, 40, 71, 40, 40], "intervals": [0, 45.131786, 44.569488, 6e-05, 0.134193]}