{"lengths": [1378, 68, 1378, 68, 65], "intervals": [0, 0.209136, 0.002902, 0.147075, 0.062683]}