{"lengths": [1378, 63, 60, 60, 321], "intervals": [0, 11.595056, 0.000271, 0.000255, 0.093643]}