{"lengths": [60, 1360, 1360, 1360, 1279], "intervals": [0, 0.224517, 8.6e-05, 0.000236, 3.7e-05]}