{"lengths": [60, 52, 189, 52, 52], "intervals": [0, 0.206116, 9.4e-05, 0.246488, 19.926346]}