{"lengths": [60, 52, 254, 52, 52], "intervals": [0, 0.223297, 0.000576, 0.220533, 0.000121]}