{"lengths": [52, 52, 52, 52, 52], "intervals": [0, 45.216033, 45.203998, 45.207998, 14.196033]}