{"lengths": [60, 52, 189, 52, 633], "intervals": [0, 0.213184, 0.000445, 0.220115, 0.023504]}