{"lengths": [52, 52, 52, 0, 0], "intervals": [0, 16.028014, 2.487447, 0, 0]}