{"lengths": [60, 52, 198, 108, 94], "intervals": [0, 0.206827, 0.000174, 0.206167, 1.9e-05]}