{"lengths": [40, 40, 40, 40, 40], "intervals": [0, 45.228031, 45.219955, 45.220013, 45.248029]}