{"lengths": [52, 52, 52, 52, 52], "intervals": [0, 45.195903, 45.196008, 0.287265, 0.036766]}