{"lengths": [1378, 60, 147, 0, 0], "intervals": [0, 0.207953, 0.017669, 0, 0]}