{"lengths": [52, 83, 52, 52, 0], "intervals": [0, 15.751494, 2.7e-05, 10.141684, 0]}