{"lengths": [60, 52, 569, 52, 103], "intervals": [0, 0.208274, 0.00036, 0.212628, 0.000287]}