{"lengths": [60, 52, 189, 52, 633], "intervals": [0, 0.216118, 1.7e-05, 0.211426, 0.00237]}