{"lengths": [60, 52, 189, 52, 633], "intervals": [0, 0.207146, 0.000815, 0.207659, 0.001792]}