{"lengths": [60, 52, 189, 52, 52], "intervals": [0, 0.222544, 4.3e-05, 0.250313, 19.888693]}