{"lengths": [60, 52, 202, 108, 94], "intervals": [0, 0.215391, 6.9e-05, 0.227185, 8.8e-05]}