{"lengths": [60, 52, 569, 52, 103], "intervals": [0, 0.208446, 0.000567, 0.23689, 0.000462]}