{"lengths": [1378, 60, 1378, 1378, 1378], "intervals": [0, 0.209695, 0.002417, 6.8e-05, 0.000313]}