{"lengths": [52, 83, 52, 52, 0], "intervals": [0, 15.753141, 0.00016, 0.529253, 0]}