{"lengths": [52, 52, 52, 52, 0], "intervals": [0, 45.219997, 13.848661, 0.000508, 0]}