{"lengths": [52, 52, 52, 52, 52], "intervals": [0, 45.203944, 45.204037, 45.212058, 13.964168]}