{"lengths": [1378, 934, 65, 65, 556], "intervals": [0, 0.0002, 0.211028, 0.043239, 1.734647]}