{"lengths": [1378, 480, 1378, 666, 68], "intervals": [0, 0.207906, 2.4e-05, 1.4e-05, 0.253568]}