{"lengths": [60, 52, 1360, 1360, 1348], "intervals": [0, 0.209529, 0.000584, 0.000194, 0.000518]}