{"lengths": [60, 52, 569, 52, 103], "intervals": [0, 0.206767, 0.000599, 0.257464, 0.000524]}