{"lengths": [60, 52, 182, 52, 1360], "intervals": [0, 0.215639, 6.3e-05, 0.215632, 0.007862]}