{"lengths": [52, 83, 52, 52, 0], "intervals": [0, 15.855016, 9.8e-05, 8.63425, 0]}