{"lengths": [60, 52, 52, 52, 52], "intervals": [0, 0.215921, 1.082812, 8.918358, 0.21238]}