{"lengths": [60, 52, 263, 52, 52], "intervals": [0, 0.207864, 0.000638, 0.206017, 0.000316]}