{"lengths": [52, 52, 750, 52, 52], "intervals": [0, 1.9e-05, 0.128895, 0.133342, 4.8e-05]}