{"lengths": [40, 40, 40, 40, 40], "intervals": [0, 45.221293, 45.222076, 45.234149, 45.222558]}