{"lengths": [409, 409, 409, 409, 409], "intervals": [0, 10.038037, 10.888373, 9.992004, 9.99873]}