{"lengths": [1378, 369, 145, 147, 146], "intervals": [0, 8.006734, 21.998674, 18.003148, 11.998987]}