{"lengths": [60, 52, 202, 108, 94], "intervals": [0, 0.205996, 0.00029, 0.21158, 2.6e-05]}