{"lengths": [52, 52, 52, 52, 52], "intervals": [0, 45.200059, 45.199993, 45.199961, 45.19998]}