{"lengths": [1378, 939, 65, 65, 552], "intervals": [0, 0.000644, 0.20809, 0.04295, 7.620164]}