{"lengths": [60, 1360, 1360, 1360, 1279], "intervals": [0, 0.222414, 7.5e-05, 8.8e-05, 0.000218]}