{"lengths": [60, 52, 569, 52, 103], "intervals": [0, 0.207348, 0.000594, 0.221961, 0.000621]}