{"lengths": [52, 52, 52, 0, 0], "intervals": [0, 5.035638, 6.306791, 0, 0]}