{"lengths": [1378, 1378, 466, 1378, 666], "intervals": [0, 0.21859, 0.000493, 0.000124, 9.4e-05]}