{"lengths": [52, 52, 115, 52, 52], "intervals": [0, 45.210036, 13.725068, 0.000208, 0.208107]}