{"lengths": [1378, 938, 65, 934, 68], "intervals": [0, 0.000496, 0.216361, 0.21426, 0.043577]}