{"lengths": [60, 52, 1360, 1360, 1348], "intervals": [0, 0.216521, 0.000593, 0.000227, 0.000447]}