{"lengths": [1378, 60, 311, 187, 0], "intervals": [0, 0.218926, 0.014747, 7.644529, 0]}