{"lengths": [258, 258, 258, 258, 258], "intervals": [0, 30.073566, 30.082585, 30.07951, 30.076934]}