{"lengths": [60, 52, 202, 108, 94], "intervals": [0, 0.22335, 0.00045, 0.233321, 1.4e-05]}