{"lengths": [1378, 60, 60, 60, 324], "intervals": [0, 0.206872, 6.8e-05, 5e-05, 0.188342]}