{"lengths": [52, 52, 52, 52, 52], "intervals": [0, 45.199983, 45.200052, 45.200012, 45.200001]}