{"lengths": [52, 52, 52, 40, 40], "intervals": [0, 45.196013, 29.883213, 0.199881, 1.1e-05]}