{"lengths": [60, 52, 269, 52, 52], "intervals": [0, 0.205732, 0.000493, 0.206497, 0.000262]}