{"lengths": [1378, 1378, 1378, 1378, 1378], "intervals": [0, 0.000366, 0.151204, 1.9e-05, 0.062395]}