{"lengths": [60, 52, 260, 52, 52], "intervals": [0, 0.218349, 0.000353, 0.221732, 7.9e-05]}