{"lengths": [60, 52, 189, 52, 52], "intervals": [0, 0.227255, 0.001414, 0.249838, 19.641939]}