{"lengths": [52, 52, 52, 52, 52], "intervals": [0, 45.259979, 45.259996, 44.188333, 0.000428]}