{"lengths": [1378, 60, 310, 187, 145], "intervals": [0, 0.207646, 0.016948, 2.78894, 27.001722]}