{"lengths": [1378, 60, 60, 60, 321], "intervals": [0, 0.214864, 2.5e-05, 1.2e-05, 0.116831]}