{"lengths": [60, 52, 122, 52, 52], "intervals": [0, 0.207292, 0.003378, 0.213038, 6.4e-05]}