{"lengths": [60, 52, 198, 108, 94], "intervals": [0, 0.209193, 1.7e-05, 0.208763, 2.5e-05]}