{"lengths": [60, 52, 569, 52, 103], "intervals": [0, 0.207818, 0.000559, 0.210743, 0.000526]}