{"lengths": [60, 52, 569, 52, 103], "intervals": [0, 0.205744, 0.000197, 0.205576, 0.00029]}