{"lengths": [60, 52, 189, 52, 52], "intervals": [0, 0.227192, 2.5e-05, 0.246729, 9.960336]}