{"lengths": [40, 40, 40, 40, 40], "intervals": [0, 45.219234, 45.218963, 45.218674, 29.381581]}