{"lengths": [60, 52, 52, 52, 0], "intervals": [0, 0.204679, 10.00034, 0.205601, 0]}