{"lengths": [52, 52, 52, 52, 52], "intervals": [0, 45.204008, 45.204053, 45.20391, 45.204082]}