{"lengths": [60, 52, 189, 52, 52], "intervals": [0, 0.21284, 0.00045, 0.253279, 0.03783]}