{"lengths": [52, 52, 52, 52, 0], "intervals": [0, 15.99405, 0.038041, 2.48344, 0]}