{"lengths": [60, 52, 189, 52, 52], "intervals": [0, 0.208816, 6.6e-05, 0.252706, 9.95566]}