{"lengths": [60, 52, 569, 52, 103], "intervals": [0, 0.219254, 0.000212, 0.216388, 0.000896]}