{"lengths": [52, 83, 52, 52, 0], "intervals": [0, 15.846832, 0.000161, 1.069588, 0]}