{"lengths": [1378, 60, 310, 188, 146], "intervals": [0, 0.216317, 0.01761, 1.770858, 28.001594]}