{"lengths": [52, 52, 52, 0, 0], "intervals": [0, 45.203994, 13.903076, 0, 0]}