{"lengths": [40, 40, 40, 40, 40], "intervals": [0, 45.219937, 45.224077, 45.219904, 45.235998]}