{"lengths": [1378, 480, 1378, 666, 68], "intervals": [0, 0.218093, 7.5e-05, 4.3e-05, 0.256264]}