{"lengths": [60, 52, 569, 52, 239], "intervals": [0, 0.207933, 0.001421, 0.211147, 0.003833]}