{"lengths": [60, 52, 253, 52, 52], "intervals": [0, 0.207362, 0.000652, 0.210326, 7.6e-05]}