{"lengths": [60, 52, 569, 52, 103], "intervals": [0, 0.209078, 0.000484, 0.22814, 0.000475]}