{"lengths": [40, 40, 40, 40, 40], "intervals": [0, 45.212039, 45.219975, 45.212059, 29.21296]}