{"lengths": [60, 52, 1360, 1360, 1349], "intervals": [0, 0.20635, 0.000544, 3.5e-05, 3.8e-05]}