{"lengths": [60, 52, 569, 52, 103], "intervals": [0, 0.207119, 0.000205, 0.206762, 0.000288]}