{"lengths": [1378, 369, 145, 147, 146], "intervals": [0, 7.911466, 22.097315, 17.896292, 12.107817]}