{"lengths": [60, 52, 189, 52, 633], "intervals": [0, 0.214309, 3.9e-05, 0.21242, 0.006313]}