{"lengths": [40, 40, 40, 40, 40], "intervals": [0, 45.219861, 45.211933, 45.211427, 29.213241]}