{"lengths": [60, 52, 256, 52, 52], "intervals": [0, 0.132041, 0.000358, 0.135986, 8.9e-05]}