{"lengths": [60, 52, 189, 52, 52], "intervals": [0, 0.247063, 0.001183, 0.248289, 9.95868]}