{"lengths": [1378, 934, 65, 65, 554], "intervals": [0, 0.000219, 0.217656, 0.044112, 1.738081]}