{"lengths": [60, 52, 52, 0, 0], "intervals": [0, 0.221119, 1.10722, 0, 0]}