{"lengths": [60, 52, 202, 108, 94], "intervals": [0, 0.209048, 0.000271, 0.209922, 3e-05]}