{"lengths": [60, 52, 189, 52, 52], "intervals": [0, 0.238301, 0.000361, 0.246556, 9.960538]}