{"lengths": [60, 52, 189, 52, 633], "intervals": [0, 0.208485, 0.000136, 0.207173, 0.001616]}