{"lengths": [60, 52, 52, 52, 0], "intervals": [0, 0.213636, 10.000535, 0.21346, 0]}