{"lengths": [60, 52, 569, 52, 103], "intervals": [0, 0.208237, 0.000321, 0.257912, 0.000825]}