{"lengths": [60, 52, 1360, 1360, 1347], "intervals": [0, 0.224388, 0.000612, 0.00013, 5.6e-05]}