{"lengths": [60, 52, 569, 52, 239], "intervals": [0, 0.204883, 0.000224, 0.209087, 0.001489]}