{"lengths": [52, 52, 115, 52, 52], "intervals": [0, 45.210585, 13.689132, 1.8e-05, 0.207473]}