{"lengths": [1378, 473, 60, 1086, 1019], "intervals": [0, 0.204697, 1.2e-05, 0.207136, 0.20527]}