{"lengths": [60, 52, 1360, 1360, 1349], "intervals": [0, 0.219044, 0.00114, 3.5e-05, 0.000457]}