{"lengths": [60, 52, 189, 52, 633], "intervals": [0, 0.208165, 0.000787, 0.211816, 0.00091]}