{"lengths": [1378, 932, 65, 65, 554], "intervals": [0, 0.000141, 0.209925, 0.042705, 2.740237]}