{"lengths": [60, 52, 569, 52, 103], "intervals": [0, 0.209572, 0.000369, 0.208815, 0.00046]}