{"lengths": [60, 52, 262, 52, 52], "intervals": [0, 0.214617, 0.000233, 0.220283, 0.000493]}