{"lengths": [60, 52, 569, 52, 103], "intervals": [0, 0.208106, 0.000193, 0.248031, 0.000222]}