{"lengths": [60, 52, 189, 52, 633], "intervals": [0, 0.207292, 3e-05, 0.207084, 0.001734]}