{"lengths": [60, 52, 569, 52, 103], "intervals": [0, 0.205535, 0.000201, 0.253347, 0.000183]}