{"lengths": [1378, 357, 65, 68, 0], "intervals": [0, 0.000561, 0.209166, 0.254899, 0]}