{"lengths": [52, 52, 52, 52, 0], "intervals": [0, 15.987318, 0.040698, 8.461583, 0]}