{"lengths": [60, 52, 569, 52, 103], "intervals": [0, 0.207136, 0.000542, 0.208913, 0.000576]}