{"lengths": [60, 52, 52, 52, 0], "intervals": [0, 0.208444, 10.000858, 0.20946, 0]}