{"lengths": [1378, 65, 943, 65, 551], "intervals": [0, 0.210708, 7.779557, 0.251319, 21.748072]}