{"lengths": [1378, 938, 65, 68, 555], "intervals": [0, 0.000172, 0.224192, 0.258741, 7.384012]}