{"lengths": [40, 40, 40, 40, 40], "intervals": [0, 45.223904, 45.224056, 45.223979, 38.412795]}