{"lengths": [52, 52, 52, 52, 52], "intervals": [0, 45.208047, 45.203944, 45.200025, 13.979646]}