{"lengths": [1378, 443, 65, 211, 207], "intervals": [0, 0.000184, 0.205977, 0.204794, 0.207207]}