{"lengths": [60, 52, 202, 108, 94], "intervals": [0, 0.215851, 6e-05, 0.221663, 7.4e-05]}