{"lengths": [40, 40, 40, 40, 40], "intervals": [0, 45.216017, 45.216033, 45.216002, 45.215972]}