{"lengths": [60, 52, 569, 52, 103], "intervals": [0, 0.207793, 0.00037, 0.208187, 0.000297]}