{"lengths": [52, 52, 52, 115, 52], "intervals": [0, 45.211515, 45.21394, 13.68111, 7.4e-05]}