{"lengths": [60, 52, 189, 52, 633], "intervals": [0, 0.20653, 0.00064, 0.208131, 0.000971]}