{"lengths": [52, 83, 52, 52, 0], "intervals": [0, 15.728448, 0.000203, 3.008846, 0]}