{"lengths": [60, 52, 189, 52, 52], "intervals": [0, 0.244905, 3.5e-05, 0.249463, 9.957207]}