{"lengths": [60, 52, 569, 52, 103], "intervals": [0, 0.207232, 0.000529, 0.221978, 0.000485]}