{"lengths": [52, 52, 52, 52, 105], "intervals": [0, 45.201008, 45.199981, 45.19722, 29.879492]}