{"lengths": [60, 1360, 1360, 1360, 1279], "intervals": [0, 0.221117, 0.00016, 6.6e-05, 0.000315]}