{"lengths": [60, 52, 569, 52, 103], "intervals": [0, 0.208331, 0.000549, 0.208201, 0.000956]}