{"lengths": [638, 638, 638, 638, 638], "intervals": [0, 50.452384, 37.651809, 34.193102, 41.871313]}