{"lengths": [1378, 60, 148, 63, 121], "intervals": [0, 0.208607, 0.032086, 21.123654, 0.016963]}