{"lengths": [60, 52, 569, 52, 239], "intervals": [0, 0.20533, 0.000404, 0.204607, 0.006641]}