{"lengths": [52, 52, 52, 52, 52], "intervals": [0, 45.204063, 45.203978, 45.203971, 45.204051]}