{"lengths": [60, 52, 569, 52, 103], "intervals": [0, 0.207913, 0.000193, 0.215923, 0.000261]}