{"lengths": [60, 52, 189, 52, 633], "intervals": [0, 0.209009, 0.000255, 0.210037, 0.0018]}