{"lengths": [52, 89, 52, 52, 0], "intervals": [0, 14.990196, 5.007908, 1.325715, 0]}