{"lengths": [60, 52, 569, 52, 239], "intervals": [0, 0.205982, 0.000274, 0.204875, 0.002151]}