{"lengths": [52, 83, 52, 52, 0], "intervals": [0, 15.751346, 3e-05, 2.764058, 0]}