{"lengths": [52, 83, 52, 52, 0], "intervals": [0, 15.866397, 5.4e-05, 3.41917, 0]}