{"lengths": [60, 52, 569, 52, 103], "intervals": [0, 0.207135, 0.000401, 0.220749, 0.00047]}