{"lengths": [83, 52, 52, 0, 0], "intervals": [0, 0.000115, 1.610738, 0, 0]}