{"lengths": [52, 52, 52, 52, 0], "intervals": [0, 15.993169, 0.038898, 2.48358, 0]}