{"lengths": [52, 52, 52, 52, 98], "intervals": [0, 45.204517, 25.673372, 7.5e-05, 4.6e-05]}