{"lengths": [60, 52, 569, 52, 103], "intervals": [0, 0.215573, 0.000221, 0.214095, 0.000275]}