{"lengths": [40, 40, 40, 40, 40], "intervals": [0, 45.215532, 45.216414, 45.217073, 45.214491]}