{"lengths": [1033, 52, 1081, 52, 1081], "intervals": [0, 0.213351, 9.789421, 0.214568, 9.787844]}