{"lengths": [52, 52, 115, 52, 52], "intervals": [0, 45.220244, 13.624678, 0.000125, 0.224203]}