{"lengths": [1378, 60, 523, 57, 60], "intervals": [0, 0.217135, 0.027429, 0.001005, 0.241203]}