{"lengths": [60, 52, 569, 52, 103], "intervals": [0, 0.206369, 0.000286, 0.205385, 0.000864]}