{"lengths": [40, 40, 40, 40, 40], "intervals": [0, 45.215607, 45.21533, 45.211952, 38.498051]}