{"lengths": [60, 52, 569, 52, 103], "intervals": [0, 0.206571, 0.000509, 0.207249, 0.000891]}