{"lengths": [60, 52, 269, 52, 52], "intervals": [0, 0.215842, 0.000233, 0.222458, 0.000854]}