{"lengths": [60, 52, 189, 52, 52], "intervals": [0, 0.253349, 0.000227, 0.251516, 9.954954]}