{"lengths": [52, 52, 52, 52, 0], "intervals": [0, 15.995707, 0.036283, 0.248998, 0]}