{"lengths": [60, 52, 189, 52, 52], "intervals": [0, 0.210755, 0.000247, 0.252716, 9.955561]}