{"lengths": [60, 52, 189, 52, 52], "intervals": [0, 0.209488, 0.000263, 0.254105, 19.902485]}