{"lengths": [60, 52, 189, 52, 633], "intervals": [0, 0.20763, 0.000921, 0.213807, 0.003327]}