{"lengths": [60, 60, 52, 0, 0], "intervals": [0, 1.075069, 9.144896, 0, 0]}