{"lengths": [60, 1360, 1360, 1360, 1279], "intervals": [0, 0.223013, 0.000416, 0.000236, 7.3e-05]}