{"lengths": [1378, 379, 174, 74, 65], "intervals": [0, 0.000336, 0.002467, 0.000584, 0.204049]}