{"lengths": [1378, 325, 190, 145, 147], "intervals": [0, 0.018193, 7.874039, 22.122747, 17.883502]}