{"lengths": [60, 52, 202, 108, 94], "intervals": [0, 0.215109, 0.000263, 0.223252, 9.1e-05]}