{"lengths": [60, 52, 52, 52, 0], "intervals": [0, 0.215795, 10.000485, 0.213461, 0]}