{"lengths": [1378, 60, 297, 51, 0], "intervals": [0, 0.216926, 0.019023, 0.000103, 0]}