{"lengths": [60, 52, 202, 108, 94], "intervals": [0, 0.209424, 0.000178, 0.20756, 0.000223]}