{"lengths": [1378, 397, 1378, 1378, 1378], "intervals": [0, 0.209335, 0.000102, 5.4e-05, 6.1e-05]}