{"lengths": [1378, 60, 627, 57, 0], "intervals": [0, 0.208, 0.021958, 0.210092, 0]}