{"lengths": [40, 40, 40, 40, 40], "intervals": [0, 45.22491, 45.226415, 45.21874, 38.41286]}