{"lengths": [60, 60, 52, 0, 0], "intervals": [0, 1.08282, 9.130738, 0, 0]}