{"lengths": [60, 52, 569, 52, 103], "intervals": [0, 0.149626, 0.001199, 0.142247, 0.000424]}