{"lengths": [60, 52, 189, 133, 290], "intervals": [0, 0.130935, 5.4e-05, 0.133542, 0.146538]}