{"lengths": [89, 52, 101, 52, 52], "intervals": [0, 0.317885, 0.001077, 0.329327, 0.038147]}