{"lengths": [60, 52, 569, 52, 103], "intervals": [0, 0.139806, 0.000398, 0.131891, 0.001552]}