{"lengths": [60, 52, 189, 132, 290], "intervals": [0, 0.137987, 0.002168, 0.135083, 0.134278]}