{"lengths": [60, 52, 189, 52, 133], "intervals": [0, 0.130013, 0.000599, 0.171677, 0.004835]}