{"lengths": [60, 52, 569, 52, 103], "intervals": [0, 0.144428, 0.001533, 0.142257, 0.005682]}