{"lengths": [60, 52, 189, 133, 288], "intervals": [0, 0.144451, 7.3e-05, 0.144546, 0.149683]}