{"lengths": [60, 52, 189, 132, 290], "intervals": [0, 0.131925, 0.001922, 0.133025, 0.141346]}