{"lengths": [60, 52, 569, 52, 103], "intervals": [0, 0.132925, 0.00076, 0.130562, 0.0008]}