{"lengths": [60, 52, 189, 132, 290], "intervals": [0, 0.132357, 3.8e-05, 0.143375, 0.143045]}