{"lengths": [60, 52, 189, 133, 290], "intervals": [0, 0.133732, 0.000147, 0.145497, 0.164181]}