{"lengths": [60, 52, 569, 52, 103], "intervals": [0, 0.141926, 0.0024, 0.143841, 0.002215]}