{"lengths": [52, 97, 52, 99, 52], "intervals": [0, 0.205565, 0.199279, 0.17146, 0.141753]}