{"lengths": [60, 52, 189, 133, 290], "intervals": [0, 0.1305, 0.000476, 0.149895, 0.137457]}