{"lengths": [60, 52, 569, 52, 103], "intervals": [0, 0.131804, 0.000547, 0.130467, 0.000494]}