{"lengths": [60, 52, 189, 132, 288], "intervals": [0, 0.144993, 0.000153, 0.141681, 0.182768]}