{"lengths": [60, 52, 189, 132, 288], "intervals": [0, 0.153885, 7.5e-05, 0.145368, 0.165207]}