{"lengths": [89, 52, 113, 52, 591], "intervals": [0, 0.347596, 0.055979, 0.314751, 0.000547]}