{"lengths": [60, 52, 569, 52, 103], "intervals": [0, 0.145473, 0.001121, 0.150699, 0.00162]}