{"lengths": [60, 52, 569, 52, 103], "intervals": [0, 0.144036, 0.00433, 0.143154, 0.005193]}