{"lengths": [60, 52, 1360, 1360, 939], "intervals": [0, 0.147128, 0.002742, 4.9e-05, 3.1e-05]}