{"lengths": [60, 52, 250, 52, 52], "intervals": [0, 0.275401, 0.000401, 0.274842, 4.3e-05]}