{"lengths": [60, 52, 189, 131, 290], "intervals": [0, 0.131644, 5.5e-05, 0.135022, 0.140006]}