{"lengths": [60, 52, 569, 52, 103], "intervals": [0, 0.135, 0.00074, 0.131862, 0.00043]}