{"lengths": [60, 52, 569, 52, 103], "intervals": [0, 0.130399, 0.000613, 0.13018, 0.000556]}