{"lengths": [60, 52, 569, 52, 103], "intervals": [0, 0.137422, 0.00387, 0.131534, 0.000568]}