{"lengths": [60, 52, 189, 133, 288], "intervals": [0, 0.143922, 0.002054, 0.145442, 0.151698]}