{"lengths": [60, 52, 487, 52, 52], "intervals": [0, 0.138285, 0.000599, 0.209472, 10.003398]}