{"lengths": [52, 1252, 1252, 327, 40], "intervals": [0, 0.266897, 7.2e-05, 2.8e-05, 0.26782]}