{"lengths": [60, 52, 569, 52, 103], "intervals": [0, 0.144856, 0.000953, 0.1407, 0.001331]}