{"lengths": [60, 52, 189, 132, 288], "intervals": [0, 0.146705, 0.002844, 0.144856, 0.207848]}