{"lengths": [60, 52, 234, 52, 52], "intervals": [0, 0.142189, 0.000634, 0.142934, 6.1e-05]}