{"lengths": [60, 52, 569, 52, 103], "intervals": [0, 0.142149, 0.001029, 0.143488, 0.001702]}