{"lengths": [60, 52, 569, 52, 103], "intervals": [0, 0.141379, 0.000509, 0.144374, 0.001087]}