{"lengths": [60, 52, 189, 133, 52], "intervals": [0, 0.14443, 4.8e-05, 0.161308, 0.239329]}