{"lengths": [60, 52, 189, 132, 290], "intervals": [0, 0.132318, 0.00022, 0.132527, 0.150954]}