{"lengths": [60, 52, 569, 52, 103], "intervals": [0, 0.135039, 0.000783, 0.129854, 0.000759]}