{"lengths": [60, 52, 569, 52, 103], "intervals": [0, 0.130629, 0.000412, 0.130798, 0.000623]}