{"lengths": [60, 52, 189, 132, 290], "intervals": [0, 0.130578, 0.002644, 0.131385, 0.140446]}