{"lengths": [60, 52, 569, 52, 103], "intervals": [0, 0.131129, 0.078956, 0.130995, 0.001297]}