{"lengths": [60, 52, 189, 132, 290], "intervals": [0, 0.131545, 0.0036, 0.152038, 0.185658]}