{"lengths": [52, 1252, 1252, 1252, 140], "intervals": [0, 0.277028, 0.000325, 5.4e-05, 4e-05]}