{"lengths": [60, 52, 1360, 1360, 939], "intervals": [0, 0.130631, 0.004826, 8.6e-05, 3.4e-05]}