{"lengths": [60, 52, 569, 52, 103], "intervals": [0, 0.142906, 0.001811, 0.159896, 0.001199]}