{"lengths": [60, 52, 189, 132, 290], "intervals": [0, 0.133909, 0.017573, 0.134931, 0.141445]}