{"lengths": [60, 52, 569, 52, 103], "intervals": [0, 0.133013, 0.001238, 0.131616, 0.000562]}