{"lengths": [60, 52, 569, 52, 103], "intervals": [0, 0.131412, 0.002566, 0.148834, 0.000502]}