{"lengths": [60, 52, 189, 133, 288], "intervals": [0, 0.14405, 0.000592, 0.148404, 0.157479]}