{"lengths": [60, 52, 569, 52, 103], "intervals": [0, 0.133124, 0.000811, 0.134055, 0.000499]}