{"lengths": [60, 52, 569, 52, 103], "intervals": [0, 0.15396, 0.00075, 0.149848, 0.001966]}