{"lengths": [60, 52, 189, 132, 288], "intervals": [0, 0.145471, 0.000809, 0.145779, 0.169196]}