{"lengths": [60, 52, 189, 133, 290], "intervals": [0, 0.132506, 0.000234, 0.165525, 0.178623]}