{"lengths": [60, 52, 569, 52, 103], "intervals": [0, 0.143362, 0.001067, 0.147833, 0.001357]}