{"lengths": [60, 52, 569, 52, 103], "intervals": [0, 0.146661, 0.00196, 0.142127, 0.001336]}