{"lengths": [60, 52, 189, 133, 288], "intervals": [0, 0.144551, 4.3e-05, 0.162477, 0.19575]}