{"lengths": [60, 52, 1360, 1360, 161], "intervals": [0, 0.274728, 0.000587, 5.5e-05, 2.8e-05]}