{"lengths": [60, 52, 569, 52, 103], "intervals": [0, 0.130912, 0.001362, 0.134086, 0.000932]}