{"lengths": [60, 40, 225, 40, 40], "intervals": [0, 0.276949, 0.000477, 0.276527, 0.000277]}