{"lengths": [60, 52, 569, 52, 103], "intervals": [0, 0.150178, 0.000948, 0.145358, 0.001055]}