{"lengths": [60, 52, 569, 52, 103], "intervals": [0, 0.143422, 0.000498, 0.143348, 0.004786]}