{"lengths": [60, 52, 569, 52, 103], "intervals": [0, 0.142236, 0.002477, 0.141658, 0.000961]}