{"lengths": [60, 52, 189, 52, 147], "intervals": [0, 0.140218, 0.002937, 0.180579, 0.128729]}