{"lengths": [60, 52, 189, 52, 132], "intervals": [0, 0.131331, 0.000645, 0.171563, 0.031988]}