{"lengths": [60, 52, 569, 52, 103], "intervals": [0, 0.144118, 0.000719, 0.144935, 0.001506]}