{"lengths": [52, 91, 52, 115, 277], "intervals": [0, 0.17656, 0.145221, 0.300821, 0.0008]}