{"lengths": [60, 52, 189, 133, 290], "intervals": [0, 0.1396, 0.000389, 0.142774, 0.136179]}