{"lengths": [60, 52, 569, 52, 103], "intervals": [0, 0.142726, 0.002595, 0.142844, 0.001101]}