{"lengths": [60, 52, 489, 52, 489], "intervals": [0, 0.133353, 0.006241, 0.135075, 0.00062]}