{"lengths": [60, 52, 569, 52, 103], "intervals": [0, 0.14276, 0.001442, 0.143978, 0.000912]}