{"lengths": [60, 52, 250, 52, 52], "intervals": [0, 0.268475, 0.000263, 0.267132, 6e-05]}