{"lengths": [60, 52, 189, 52, 147], "intervals": [0, 0.131236, 8.7e-05, 0.176956, 0.120308]}