{"lengths": [60, 52, 189, 133, 288], "intervals": [0, 0.14463, 0.00091, 0.149075, 0.207437]}