{"lengths": [60, 52, 831, 52, 52], "intervals": [0, 0.12171, 0.013515, 10.123539, 10.122459]}