{"lengths": [60, 52, 1360, 1360, 161], "intervals": [0, 0.264085, 0.00077, 0.000109, 4.3e-05]}