{"lengths": [60, 52, 189, 132, 290], "intervals": [0, 0.130775, 5.9e-05, 0.132225, 0.135644]}