{"lengths": [60, 52, 489, 52, 489], "intervals": [0, 0.132727, 0.00028, 0.134288, 0.00033]}