{"lengths": [60, 52, 569, 52, 103], "intervals": [0, 0.139664, 0.005943, 0.133953, 0.000571]}