{"lengths": [60, 52, 569, 52, 103], "intervals": [0, 0.134976, 0.000716, 0.130206, 0.001631]}