{"lengths": [60, 52, 189, 148, 283], "intervals": [0, 0.146807, 9e-05, 0.17584, 0.174657]}