{"lengths": [60, 52, 189, 132, 288], "intervals": [0, 0.142371, 3.8e-05, 0.146733, 0.15013]}