{"lengths": [60, 52, 52, 52, 0], "intervals": [0, 0.128243, 5.357786, 0.127091, 0]}