{"lengths": [60, 52, 569, 52, 103], "intervals": [0, 0.134632, 0.002728, 0.131633, 0.002397]}