{"lengths": [60, 52, 569, 52, 103], "intervals": [0, 0.145673, 0.002911, 0.143457, 0.000923]}