{"lengths": [60, 52, 569, 52, 103], "intervals": [0, 0.134705, 0.001934, 0.130558, 0.000418]}