{"lengths": [60, 52, 569, 52, 103], "intervals": [0, 0.144161, 0.001591, 0.143658, 0.001265]}