{"lengths": [60, 40, 234, 40, 40], "intervals": [0, 0.280703, 0.001028, 0.277245, 0.001681]}