{"lengths": [60, 52, 569, 52, 103], "intervals": [0, 0.130158, 0.000542, 0.132625, 0.000827]}