{"lengths": [60, 52, 52, 52, 0], "intervals": [0, 0.138105, 5.339227, 0.139344, 0]}