{"lengths": [60, 52, 189, 133, 288], "intervals": [0, 0.141774, 0.001437, 0.145033, 0.156123]}