{"lengths": [60, 52, 189, 132, 290], "intervals": [0, 0.130921, 9.8e-05, 0.130394, 0.139186]}