{"lengths": [60, 52, 189, 132, 288], "intervals": [0, 0.143841, 4.7e-05, 0.172382, 0.154062]}