{"lengths": [60, 52, 189, 131, 288], "intervals": [0, 0.143512, 3.5e-05, 0.14315, 0.149739]}