{"lengths": [60, 52, 189, 133, 288], "intervals": [0, 0.144217, 0.004767, 0.159576, 0.173539]}