{"lengths": [60, 52, 189, 132, 288], "intervals": [0, 0.159744, 4.7e-05, 0.146075, 0.16791]}