{"lengths": [60, 52, 189, 132, 290], "intervals": [0, 0.13554, 0.000873, 0.132423, 0.138222]}