{"lengths": [60, 40, 234, 40, 40], "intervals": [0, 0.276242, 0.000448, 0.275399, 8.8e-05]}