{"lengths": [60, 40, 225, 40, 40], "intervals": [0, 0.290066, 0.00035, 0.289755, 5.3e-05]}