{"lengths": [60, 52, 569, 52, 103], "intervals": [0, 0.143053, 0.000448, 0.142938, 0.000573]}