{"lengths": [60, 52, 189, 133, 290], "intervals": [0, 0.131983, 0.000723, 0.134374, 0.147454]}