{"lengths": [60, 52, 189, 133, 290], "intervals": [0, 0.133108, 7.9e-05, 0.134177, 0.190407]}