{"lengths": [60, 52, 189, 132, 290], "intervals": [0, 0.131661, 0.000639, 0.147063, 0.155146]}