{"lengths": [60, 52, 569, 52, 103], "intervals": [0, 0.145204, 0.004519, 0.155101, 0.002311]}