{"lengths": [60, 52, 569, 52, 103], "intervals": [0, 0.14377, 0.000644, 0.142515, 0.002081]}