{"lengths": [60, 52, 189, 132, 288], "intervals": [0, 0.146165, 0.001413, 0.155253, 0.159637]}