{"lengths": [60, 52, 189, 132, 290], "intervals": [0, 0.133276, 0.000507, 0.133619, 0.141523]}