{"lengths": [60, 52, 189, 132, 288], "intervals": [0, 0.141862, 0.001557, 0.161697, 0.199215]}