{"lengths": [60, 52, 189, 133, 290], "intervals": [0, 0.13483, 0.002949, 0.133039, 0.152974]}