{"lengths": [60, 52, 189, 133, 290], "intervals": [0, 0.132312, 0.000672, 0.133364, 0.215197]}