{"lengths": [60, 52, 569, 52, 103], "intervals": [0, 0.13039, 0.003898, 0.133666, 0.0006]}