{"lengths": [60, 52, 569, 52, 103], "intervals": [0, 0.139978, 0.006048, 0.133539, 0.001874]}