{"lengths": [60, 52, 569, 52, 103], "intervals": [0, 0.131974, 0.000812, 0.130507, 0.000669]}