{"lengths": [60, 52, 189, 133, 290], "intervals": [0, 0.132455, 0.000326, 0.133056, 0.136321]}