{"lengths": [60, 52, 189, 132, 288], "intervals": [0, 0.146338, 6.5e-05, 0.144284, 0.153736]}