{"lengths": [60, 52, 189, 132, 288], "intervals": [0, 0.160831, 0.000944, 0.143309, 0.142906]}