{"lengths": [60, 52, 189, 131, 288], "intervals": [0, 0.145785, 7.8e-05, 0.144093, 0.145881]}