{"lengths": [60, 52, 569, 52, 103], "intervals": [0, 0.146843, 0.00183, 0.131194, 0.000515]}