{"lengths": [60, 52, 569, 52, 103], "intervals": [0, 0.141507, 0.00043, 0.144683, 0.001157]}