{"lengths": [60, 52, 569, 52, 103], "intervals": [0, 0.148831, 0.000825, 0.14369, 0.016318]}