{"lengths": [60, 52, 569, 52, 103], "intervals": [0, 0.144869, 0.002519, 0.146708, 0.001592]}