{"lengths": [60, 52, 840, 840, 840], "intervals": [0, 0.121883, 0.032731, 0.123901, 0.939878]}