{"lengths": [60, 52, 569, 52, 103], "intervals": [0, 0.131716, 0.000552, 0.131099, 0.000489]}