{"lengths": [60, 52, 569, 52, 103], "intervals": [0, 0.149059, 0.002324, 0.143, 0.0013]}