{"lengths": [60, 52, 189, 132, 288], "intervals": [0, 0.144397, 0.001078, 0.142736, 0.143321]}