{"lengths": [93, 52, 99, 88, 52], "intervals": [0, 0.147507, 0.173841, 3.7e-05, 0.165675]}