{"lengths": [60, 52, 234, 52, 52], "intervals": [0, 0.141188, 0.000686, 0.149, 4e-05]}