{"lengths": [60, 52, 234, 52, 52], "intervals": [0, 0.13185, 0.000326, 0.135095, 5.9e-05]}