{"lengths": [60, 52, 569, 52, 103], "intervals": [0, 0.14344, 0.005737, 0.143725, 0.000986]}