{"lengths": [60, 52, 569, 52, 103], "intervals": [0, 0.140934, 0.000377, 0.140888, 0.00071]}