{"lengths": [60, 52, 189, 132, 288], "intervals": [0, 0.142916, 0.001549, 0.150025, 0.177412]}