{"lengths": [60, 52, 189, 132, 290], "intervals": [0, 0.137535, 5.1e-05, 0.133518, 0.156301]}