{"lengths": [60, 52, 569, 52, 103], "intervals": [0, 0.136253, 0.004708, 0.131839, 0.000656]}