{"lengths": [60, 52, 189, 134, 288], "intervals": [0, 0.145295, 7.3e-05, 0.145181, 0.194779]}