{"lengths": [60, 52, 189, 133, 288], "intervals": [0, 0.148099, 4.5e-05, 0.156049, 0.158446]}