{"lengths": [60, 52, 189, 133, 288], "intervals": [0, 0.148375, 0.000917, 0.142431, 0.207301]}