{"lengths": [60, 52, 1360, 1360, 53], "intervals": [0, 0.265389, 5.3e-05, 0.000181, 4.3e-05]}