{"lengths": [60, 52, 569, 52, 103], "intervals": [0, 0.132309, 0.000565, 0.130368, 0.000955]}