{"lengths": [60, 52, 189, 52, 133], "intervals": [0, 0.131331, 0.000818, 0.173254, 5.2e-05]}