{"lengths": [60, 52, 569, 52, 103], "intervals": [0, 0.145093, 0.000341, 0.142028, 0.001607]}