{"lengths": [60, 52, 1360, 1360, 937], "intervals": [0, 0.132631, 0.000733, 7.5e-05, 3.3e-05]}