{"lengths": [60, 52, 840, 840, 52], "intervals": [0, 0.122809, 0.001405, 0.143005, 10.123219]}