{"lengths": [60, 52, 189, 131, 290], "intervals": [0, 0.13155, 5.8e-05, 0.154365, 0.134695]}