{"lengths": [60, 52, 569, 52, 103], "intervals": [0, 0.134944, 0.00075, 0.131163, 0.000733]}