{"lengths": [60, 52, 569, 52, 103], "intervals": [0, 0.136771, 0.001083, 0.131725, 0.000656]}