{"lengths": [60, 52, 569, 52, 103], "intervals": [0, 0.144022, 0.001074, 0.143928, 0.002326]}