{"lengths": [60, 52, 569, 52, 103], "intervals": [0, 0.143093, 0.000404, 0.140246, 0.00061]}