{"lengths": [60, 52, 569, 52, 103], "intervals": [0, 0.142423, 0.006142, 0.147782, 0.001212]}