{"lengths": [60, 52, 569, 52, 103], "intervals": [0, 0.131897, 0.000724, 0.131746, 0.000423]}