{"lengths": [60, 40, 234, 40, 40], "intervals": [0, 0.267311, 0.000641, 0.266246, 3.9e-05]}