{"lengths": [52, 1252, 1252, 327, 40], "intervals": [0, 0.278416, 0.001706, 3.6e-05, 0.28132]}