{"lengths": [60, 52, 569, 52, 103], "intervals": [0, 0.142368, 0.000612, 0.143306, 0.006431]}