{"lengths": [60, 52, 189, 132, 288], "intervals": [0, 0.14643, 4e-05, 0.143748, 0.174147]}