{"lengths": [60, 52, 189, 131, 288], "intervals": [0, 0.151833, 7.6e-05, 0.149646, 0.167864]}