{"lengths": [60, 52, 569, 569, 52], "intervals": [0, 0.142402, 0.000827, 0.413942, 0.146046]}