{"lengths": [52, 92, 52, 96, 91], "intervals": [0, 0.00575, 0.315723, 0.024132, 0.329116]}