{"lengths": [60, 52, 569, 52, 103], "intervals": [0, 0.145934, 0.004104, 0.142738, 0.000676]}