{"lengths": [60, 52, 569, 52, 103], "intervals": [0, 0.131193, 0.003154, 0.130715, 0.000632]}