{"lengths": [60, 52, 189, 132, 288], "intervals": [0, 0.144152, 0.008618, 0.174359, 0.180916]}