{"lengths": [60, 52, 569, 52, 103], "intervals": [0, 0.144621, 0.001818, 0.144042, 0.001891]}