{"lengths": [60, 52, 569, 52, 103], "intervals": [0, 0.131632, 0.000666, 0.130901, 0.000503]}