{"lengths": [60, 52, 569, 52, 103], "intervals": [0, 0.130951, 0.000545, 0.13028, 0.000486]}