{"lengths": [60, 52, 52, 52, 0], "intervals": [0, 0.140583, 5.346486, 0.141143, 0]}