{"lengths": [60, 52, 189, 133, 52], "intervals": [0, 0.131925, 5.1e-05, 0.13419, 0.173414]}