{"lengths": [89, 52, 100, 52, 91], "intervals": [0, 0.31686, 0.003621, 0.443417, 0.02218]}