{"lengths": [60, 52, 569, 52, 103], "intervals": [0, 0.130446, 0.000502, 0.133285, 0.000493]}