{"lengths": [60, 52, 247, 52, 52], "intervals": [0, 0.276973, 0.000442, 0.273748, 8.4e-05]}