{"lengths": [60, 52, 189, 133, 288], "intervals": [0, 0.146537, 4.9e-05, 0.148, 0.150936]}