{"lengths": [60, 52, 569, 52, 103], "intervals": [0, 0.144956, 0.006309, 0.143932, 0.001371]}