{"lengths": [60, 52, 569, 52, 103], "intervals": [0, 0.150294, 0.004113, 0.143955, 0.001859]}