{"lengths": [60, 52, 250, 52, 52], "intervals": [0, 0.264525, 0.000238, 0.264558, 0.000105]}