{"lengths": [60, 52, 1360, 1360, 939], "intervals": [0, 0.14275, 0.000881, 6.6e-05, 3.3e-05]}