{"lengths": [60, 52, 569, 52, 103], "intervals": [0, 0.14419, 0.003231, 0.143291, 0.003979]}