{"lengths": [60, 52, 569, 52, 103], "intervals": [0, 0.142992, 0.000798, 0.144202, 0.002451]}