{"lengths": [60, 52, 189, 132, 290], "intervals": [0, 0.131764, 0.000846, 0.132582, 0.137179]}