{"lengths": [60, 52, 189, 131, 288], "intervals": [0, 0.145033, 7.1e-05, 0.146806, 0.170742]}