{"lengths": [60, 52, 569, 52, 103], "intervals": [0, 0.143862, 0.001015, 0.144852, 0.001049]}