{"lengths": [60, 52, 189, 132, 288], "intervals": [0, 0.14964, 4.9e-05, 0.147545, 0.208216]}