{"lengths": [60, 52, 569, 52, 103], "intervals": [0, 0.145563, 0.000614, 0.141761, 0.004214]}