{"lengths": [60, 40, 225, 40, 40], "intervals": [0, 0.264704, 0.000432, 0.263589, 5.7e-05]}