{"lengths": [60, 52, 569, 52, 103], "intervals": [0, 0.131421, 0.002711, 0.135557, 0.006811]}