{"lengths": [284, 284, 284, 284, 284], "intervals": [0, 106.600412, 72.735583, 71.221827, 61.725973]}