{"lengths": [60, 52, 569, 52, 103], "intervals": [0, 0.131599, 0.002223, 0.136048, 0.000538]}