{"lengths": [60, 52, 569, 52, 103], "intervals": [0, 0.132066, 0.002505, 0.131025, 0.000453]}