{"lengths": [60, 52, 189, 131, 290], "intervals": [0, 0.132809, 5.7e-05, 0.133547, 0.145684]}