{"lengths": [60, 52, 247, 52, 52], "intervals": [0, 0.265335, 0.000235, 0.265151, 0.000183]}