{"lengths": [60, 52, 189, 132, 288], "intervals": [0, 0.143133, 0.000843, 0.150347, 0.202864]}