{"lengths": [60, 52, 569, 52, 103], "intervals": [0, 0.130631, 0.000973, 0.131736, 0.001112]}