{"lengths": [60, 52, 189, 132, 288], "intervals": [0, 0.143839, 3.7e-05, 0.165434, 0.146318]}