{"lengths": [60, 52, 189, 132, 290], "intervals": [0, 0.131886, 0.000116, 0.13108, 0.159172]}