{"lengths": [60, 52, 189, 132, 290], "intervals": [0, 0.131034, 7.5e-05, 0.13045, 0.13982]}