{"lengths": [60, 52, 189, 134, 288], "intervals": [0, 0.144254, 0.001075, 0.144825, 0.160641]}