{"lengths": [60, 52, 247, 52, 52], "intervals": [0, 0.282124, 0.000661, 0.283678, 4.2e-05]}