{"lengths": [60, 52, 234, 52, 52], "intervals": [0, 0.140954, 0.00134, 0.143753, 4.6e-05]}