{"lengths": [60, 52, 489, 52, 489], "intervals": [0, 0.121456, 0.000319, 0.154228, 0.000962]}