{"lengths": [60, 52, 569, 52, 103], "intervals": [0, 0.145701, 0.00077, 0.13191, 0.000589]}