{"lengths": [60, 52, 189, 132, 288], "intervals": [0, 0.145456, 0.000108, 0.151918, 0.144496]}