{"lengths": [60, 52, 569, 52, 103], "intervals": [0, 0.143091, 0.002257, 0.142172, 0.002124]}