{"lengths": [60, 52, 569, 52, 103], "intervals": [0, 0.13274, 0.00049, 0.131602, 0.000858]}