{"lengths": [60, 52, 831, 52, 52], "intervals": [0, 0.200944, 0.009145, 10.139655, 10.153258]}