{"lengths": [60, 52, 569, 52, 103], "intervals": [0, 0.143969, 0.000717, 0.151986, 0.004343]}