{"lengths": [60, 52, 569, 52, 103], "intervals": [0, 0.143352, 0.000731, 0.14203, 0.001097]}