{"lengths": [60, 52, 569, 52, 103], "intervals": [0, 0.144588, 0.001542, 0.142052, 0.001617]}