{"lengths": [60, 52, 189, 132, 290], "intervals": [0, 0.210433, 4.8e-05, 0.161758, 0.135434]}