{"lengths": [60, 52, 569, 52, 103], "intervals": [0, 0.140807, 0.000444, 0.142599, 0.000721]}