{"lengths": [60, 52, 189, 132, 288], "intervals": [0, 0.141691, 3.7e-05, 0.147237, 0.162339]}