{"lengths": [60, 52, 569, 52, 103], "intervals": [0, 0.131506, 0.000686, 0.13033, 0.000805]}