{"lengths": [60, 52, 189, 132, 290], "intervals": [0, 0.134352, 4.8e-05, 0.163695, 0.141741]}