{"lengths": [60, 52, 189, 132, 288], "intervals": [0, 0.143791, 8e-05, 0.1532, 0.15656]}