{"lengths": [60, 52, 189, 133, 290], "intervals": [0, 0.132679, 0.000325, 0.133865, 0.134545]}