{"lengths": [60, 52, 189, 147, 282], "intervals": [0, 0.144124, 4.5e-05, 0.176402, 0.17803]}