{"lengths": [60, 52, 189, 52, 147], "intervals": [0, 0.130768, 9.4e-05, 0.171805, 0.126883]}