{"lengths": [60, 52, 189, 133, 288], "intervals": [0, 0.142366, 5.8e-05, 0.146684, 0.160473]}