{"lengths": [60, 52, 52, 52, 0], "intervals": [0, 0.128861, 5.34691, 0.127487, 0]}