{"lengths": [60, 52, 189, 132, 290], "intervals": [0, 0.131374, 5.6e-05, 0.172468, 0.176203]}