{"lengths": [60, 52, 569, 52, 103], "intervals": [0, 0.137505, 0.004192, 0.131778, 0.000611]}