{"lengths": [60, 40, 234, 40, 40], "intervals": [0, 0.267755, 0.000221, 0.268561, 7e-05]}