{"lengths": [60, 52, 840, 840, 840], "intervals": [0, 0.134571, 4.6e-05, 0.13303, 1.016457]}