{"lengths": [52, 91, 52, 311, 339], "intervals": [0, 0.175927, 0.142243, 0.188078, 4e-05]}