{"lengths": [60, 52, 1360, 1360, 939], "intervals": [0, 0.145066, 0.000165, 6.9e-05, 3.3e-05]}