{"lengths": [60, 52, 569, 52, 103], "intervals": [0, 0.14335, 0.000722, 0.145105, 0.000804]}