{"lengths": [60, 52, 189, 133, 288], "intervals": [0, 0.149131, 8.5e-05, 0.145647, 0.203966]}