{"lengths": [284, 284, 284, 284, 284], "intervals": [0, 73.775248, 69.588074, 212.00421, 62.142138]}