{"lengths": [60, 52, 569, 52, 103], "intervals": [0, 0.144441, 0.000415, 0.14397, 0.001094]}