{"lengths": [60, 52, 247, 52, 52], "intervals": [0, 0.269179, 0.000316, 0.268885, 8.9e-05]}