{"lengths": [60, 52, 569, 52, 103], "intervals": [0, 0.13437, 0.00055, 0.131694, 0.000806]}