{"lengths": [60, 52, 189, 132, 288], "intervals": [0, 0.146532, 4.3e-05, 0.174361, 0.183968]}