{"lengths": [60, 40, 225, 40, 40], "intervals": [0, 0.266611, 0.000413, 0.268037, 6e-05]}