{"lengths": [60, 52, 569, 52, 103], "intervals": [0, 0.130007, 0.001972, 0.135763, 0.000548]}