{"lengths": [60, 52, 189, 133, 288], "intervals": [0, 0.558331, 0.00253, 0.162075, 0.189526]}