{"lengths": [60, 52, 233, 52, 52], "intervals": [0, 0.133163, 0.000469, 0.132814, 6.2e-05]}