{"lengths": [60, 52, 189, 133, 290], "intervals": [0, 0.131143, 5.1e-05, 0.137168, 0.167921]}