{"lengths": [60, 52, 189, 148, 283], "intervals": [0, 0.140932, 0.000396, 0.175499, 0.174668]}