{"lengths": [60, 52, 569, 52, 103], "intervals": [0, 0.13257, 0.000828, 0.134014, 0.000529]}