{"lengths": [60, 52, 250, 52, 52], "intervals": [0, 0.289133, 0.000341, 0.291235, 4.3e-05]}