{"lengths": [60, 52, 189, 132, 290], "intervals": [0, 0.132792, 0.000797, 0.156785, 0.14741]}