{"lengths": [60, 52, 569, 52, 103], "intervals": [0, 0.130681, 0.001911, 0.131278, 0.000954]}