{"lengths": [60, 52, 233, 52, 52], "intervals": [0, 0.129474, 0.000387, 0.132566, 8.9e-05]}