{"lengths": [60, 52, 840, 840, 52], "intervals": [0, 0.140772, 0.00058, 0.135315, 10.131878]}