{"lengths": [60, 52, 189, 133, 52], "intervals": [0, 0.142813, 4.5e-05, 0.145853, 0.214506]}