{"lengths": [52, 1252, 1252, 327, 40], "intervals": [0, 0.268759, 0.000134, 2.8e-05, 0.269067]}