{"lengths": [60, 52, 1360, 1360, 161], "intervals": [0, 0.289276, 0.002319, 5.3e-05, 2.7e-05]}