{"lengths": [60, 52, 189, 133, 288], "intervals": [0, 0.147219, 0.000366, 0.146708, 0.15807]}