{"lengths": [60, 52, 569, 52, 103], "intervals": [0, 0.136504, 0.000491, 0.13032, 0.001123]}