{"lengths": [52, 1252, 1252, 327, 40], "intervals": [0, 0.275849, 0.000108, 6.4e-05, 0.280488]}