{"lengths": [60, 52, 487, 52, 52], "intervals": [0, 0.121957, 0.00035, 0.134849, 9.999915]}