{"lengths": [60, 52, 189, 132, 290], "intervals": [0, 0.131317, 3.9e-05, 0.137018, 0.143412]}