{"lengths": [60, 52, 189, 132, 288], "intervals": [0, 0.144603, 0.000417, 0.160389, 0.148229]}