{"lengths": [60, 52, 189, 132, 290], "intervals": [0, 0.133823, 0.000105, 0.166153, 0.218724]}