{"lengths": [60, 52, 189, 133, 290], "intervals": [0, 0.135141, 0.000344, 0.149303, 0.143025]}