{"lengths": [60, 52, 569, 52, 103], "intervals": [0, 0.159493, 0.001198, 0.145757, 0.001042]}