{"lengths": [60, 52, 569, 52, 103], "intervals": [0, 0.141595, 0.000608, 0.130578, 0.000445]}