{"lengths": [52, 52, 52, 52, 52], "intervals": [0, 10.143435, 10.143334, 10.144975, 10.143659]}