{"lengths": [60, 52, 489, 52, 489], "intervals": [0, 0.120628, 0.000255, 0.123924, 0.000281]}