{"lengths": [60, 52, 1360, 1360, 53], "intervals": [0, 0.273771, 0.000443, 8.4e-05, 4.2e-05]}