{"lengths": [60, 52, 189, 133, 288], "intervals": [0, 0.144821, 0.000121, 0.169505, 0.168986]}