{"lengths": [60, 52, 569, 52, 103], "intervals": [0, 0.135, 0.000491, 0.131444, 0.000423]}