{"lengths": [60, 52, 189, 133, 288], "intervals": [0, 0.140992, 0.005026, 0.143105, 0.169487]}