{"lengths": [52, 52, 52, 52, 52], "intervals": [0, 10.142252, 10.145345, 10.14331, 10.144823]}