{"lengths": [60, 52, 189, 133, 288], "intervals": [0, 0.150558, 7.3e-05, 0.145342, 0.152165]}