{"lengths": [60, 52, 189, 133, 290], "intervals": [0, 0.134782, 0.00363, 0.145443, 0.155536]}