{"lengths": [60, 52, 189, 132, 290], "intervals": [0, 0.135363, 0.000116, 0.132044, 0.135816]}