{"lengths": [60, 52, 189, 147, 282], "intervals": [0, 0.140545, 0.000113, 0.175924, 0.174556]}