{"lengths": [60, 52, 569, 52, 103], "intervals": [0, 0.132112, 0.000611, 0.131791, 0.000463]}