{"lengths": [60, 52, 569, 52, 103], "intervals": [0, 0.142568, 0.000628, 0.148778, 0.00103]}