{"lengths": [60, 52, 569, 52, 103], "intervals": [0, 0.145469, 0.00162, 0.147558, 0.001759]}