{"lengths": [60, 52, 1360, 1360, 53], "intervals": [0, 0.28409, 0.000401, 4.9e-05, 2.8e-05]}