{"lengths": [60, 52, 189, 133, 290], "intervals": [0, 0.132456, 3.8e-05, 0.132219, 0.138505]}