{"lengths": [60, 52, 189, 131, 288], "intervals": [0, 0.149653, 0.000648, 0.143906, 0.161251]}