{"lengths": [60, 52, 569, 52, 103], "intervals": [0, 0.131021, 0.000824, 0.132075, 0.001068]}