{"lengths": [60, 52, 189, 133, 290], "intervals": [0, 0.136032, 0.000595, 0.160779, 0.146552]}