{"lengths": [60, 52, 189, 132, 290], "intervals": [0, 0.133665, 0.00123, 0.171092, 0.13835]}