{"lengths": [60, 52, 569, 52, 103], "intervals": [0, 0.146075, 0.000609, 0.146886, 0.001529]}