{"lengths": [60, 52, 189, 132, 290], "intervals": [0, 0.13827, 6.6e-05, 0.139745, 0.186173]}