{"lengths": [60, 52, 189, 132, 290], "intervals": [0, 0.130273, 0.000981, 0.131573, 0.145393]}