{"lengths": [60, 52, 569, 52, 103], "intervals": [0, 0.130508, 0.000587, 0.133183, 0.000595]}