{"lengths": [60, 52, 569, 52, 103], "intervals": [0, 0.132649, 0.000549, 0.131398, 0.00087]}