{"lengths": [72, 72, 72, 72, 72], "intervals": [0, 20.112425, 30.000323, 30.000235, 30.000104]}