{"lengths": [52, 52, 52, 40, 40], "intervals": [0, 45.199956, 34.850738, 0.206165, 9e-06]}