{"lengths": [66, 1374, 527, 280, 54], "intervals": [0, 0.287622, 0.000101, 0.251311, 0.244984]}