{"lengths": [1378, 60, 147, 0, 0], "intervals": [0, 0.206555, 0.02445, 0, 0]}