{"lengths": [52, 52, 52, 52, 52], "intervals": [0, 45.215742, 45.215475, 45.214843, 45.210802]}