{"lengths": [52, 52, 52, 40, 40], "intervals": [0, 45.199988, 34.491725, 0.204692, 1.7e-05]}