{"lengths": [52, 52, 52, 52, 52], "intervals": [0, 45.21576, 45.215422, 45.215136, 45.216301]}