{"lengths": [60, 52, 1360, 1360, 1348], "intervals": [0, 0.299014, 0.000102, 0.000235, 0.000388]}