{"lengths": [60, 52, 255, 52, 52], "intervals": [0, 0.215175, 0.000185, 0.232562, 0.000225]}