{"lengths": [52, 52, 52, 52, 52], "intervals": [0, 45.21599, 45.211986, 45.212014, 45.216021]}