{"lengths": [60, 52, 255, 52, 52], "intervals": [0, 0.20378, 0.007762, 0.204793, 0.000557]}