{"lengths": [1378, 1378, 1378, 462, 61], "intervals": [0, 0.324415, 0.092109, 0.000135, 2.2e-05]}