{"lengths": [52, 52, 52, 52, 52], "intervals": [0, 45.20266, 45.203914, 45.206366, 45.205605]}