{"lengths": [52, 115, 52, 52, 0], "intervals": [0, 13.617703, 1.4e-05, 0.208351, 0]}