{"lengths": [52, 52, 52, 52, 52], "intervals": [0, 45.216588, 45.215481, 45.214118, 45.211318]}