{"lengths": [60, 52, 1360, 1360, 594], "intervals": [0, 0.20963, 0.003448, 0.000251, 0.000399]}