{"lengths": [52, 115, 52, 52, 0], "intervals": [0, 13.697757, 6.7e-05, 0.224677, 0]}