{"lengths": [60, 52, 259, 52, 52], "intervals": [0, 0.282759, 0.000464, 0.298617, 0.000228]}