{"lengths": [60, 52, 577, 1360, 1360], "intervals": [0, 0.141697, 0.0011, 0.018514, 0.000266]}