{"lengths": [60, 52, 673, 436, 52], "intervals": [0, 0.2325, 0.003581, 0.230881, 0.21614]}