{"lengths": [66, 54, 560, 54, 244], "intervals": [0, 0.245084, 0.009922, 0.243026, 0.001028]}