{"lengths": [60, 52, 221, 52, 52], "intervals": [0, 0.207085, 0.000247, 0.212269, 0.000235]}