{"lengths": [66, 1374, 1374, 1115, 161], "intervals": [0, 0.138775, 0.000166, 0.000106, 0.177407]}