{"lengths": [66, 66, 62, 0, 0], "intervals": [0, 2.999932, 5.999926, 0, 0]}