{"lengths": [60, 52, 52, 52, 0], "intervals": [0, 0.206483, 10.000773, 0.205055, 0]}