{"lengths": [64, 64, 64, 64, 0], "intervals": [0, 0.412064, 843.42128, 0.410966, 0]}