{"lengths": [60, 52, 263, 52, 52], "intervals": [0, 0.413661, 0.00022, 0.400676, 0.010056]}