{"lengths": [52, 52, 105, 52, 0], "intervals": [0, 45.201553, 36.054861, 8.1e-05, 0]}