{"lengths": [66, 1374, 527, 280, 54], "intervals": [0, 0.252552, 0.000124, 0.25164, 0.250501]}