{"lengths": [1360, 353, 52, 52, 52], "intervals": [0, 2e-06, 0.215382, 0.000467, 4.8e-05]}