{"lengths": [60, 109, 60, 60, 135], "intervals": [0, 0.000336, 160.968735, 152.953014, 0.000951]}