{"lengths": [60, 52, 270, 52, 52], "intervals": [0, 0.219479, 2.3e-05, 0.224169, 0.000334]}