{"lengths": [66, 54, 560, 54, 244], "intervals": [0, 0.251512, 0.000755, 0.252741, 0.0008]}