{"lengths": [329, 52, 329, 52, 329], "intervals": [0, 0.273792, 51.268493, 0.275537, 32.660178]}