{"lengths": [52, 52, 52, 52, 52], "intervals": [0, 45.21199, 45.212024, 45.211977, 45.212028]}