{"lengths": [60, 52, 569, 52, 103], "intervals": [0, 0.203781, 0.000162, 0.203889, 0.000349]}