{"lengths": [1360, 1360, 1360, 1360, 1360], "intervals": [0, 0.000365, 0.000339, 7.5e-05, 7.4e-05]}