{"lengths": [1378, 1378, 1378, 60, 60], "intervals": [0, 0.150196, 0.061008, 4.8e-05, 1.9e-05]}