{"lengths": [60, 52, 255, 52, 52], "intervals": [0, 0.219928, 0.000151, 0.223622, 0.000232]}