{"lengths": [60, 52, 1360, 1360, 594], "intervals": [0, 0.216091, 0.001199, 0.000203, 0.00021]}