{"lengths": [1378, 357, 65, 65, 0], "intervals": [0, 0.00053, 0.27438, 0.051439, 0]}