{"lengths": [66, 1374, 527, 280, 54], "intervals": [0, 0.241012, 0.000124, 0.241282, 0.25018]}