{"lengths": [52, 52, 52, 52, 52], "intervals": [0, 45.211912, 45.211959, 45.212016, 45.212084]}