{"lengths": [258, 258, 258, 258, 258], "intervals": [0, 30.076214, 30.085996, 30.083885, 30.068852]}