{"lengths": [52, 52, 52, 52, 52], "intervals": [0, 45.223443, 45.222025, 45.227037, 45.22204]}