{"lengths": [60, 52, 40, 0, 0], "intervals": [0, 10.223813, 8.959011, 0, 0]}