{"lengths": [52, 52, 52, 52, 52], "intervals": [0, 45.21194, 45.21597, 45.216027, 45.212038]}