{"lengths": [52, 52, 52, 40, 40], "intervals": [0, 45.199941, 36.175374, 0.205516, 1.2e-05]}