{"lengths": [60, 52, 255, 52, 52], "intervals": [0, 0.219614, 0.000384, 0.222756, 0.000275]}