{"lengths": [52, 52, 52, 52, 52], "intervals": [0, 45.211073, 45.212741, 45.211273, 45.211868]}