{"lengths": [60, 52, 40, 0, 0], "intervals": [0, 10.209604, 7.232228, 0, 0]}