{"lengths": [52, 52, 52, 52, 52], "intervals": [0, 45.216016, 45.219966, 37.018034, 0.214974]}