{"lengths": [60, 52, 1360, 1360, 1343], "intervals": [0, 0.204713, 0.003646, 0.000453, 0.000193]}