{"lengths": [60, 52, 1360, 1360, 1348], "intervals": [0, 0.205194, 0.001318, 0.000395, 2.9e-05]}