{"lengths": [60, 52, 1360, 1360, 1348], "intervals": [0, 0.205194, 0.001468, 0.000217, 9.3e-05]}