{"lengths": [52, 52, 105, 52, 0], "intervals": [0, 45.20592, 34.638566, 6.1e-05, 0]}