{"lengths": [60, 52, 449, 52, 255], "intervals": [0, 0.21363, 0.000203, 0.215089, 0.001211]}