{"lengths": [60, 52, 52, 52, 0], "intervals": [0, 0.204318, 10.001269, 0.205335, 0]}