{"lengths": [66, 54, 560, 54, 244], "intervals": [0, 0.232064, 0.011193, 0.232887, 0.000742]}