{"lengths": [1378, 60, 359, 205, 57], "intervals": [0, 0.217425, 0.031464, 2.4e-05, 0.000871]}