{"lengths": [60, 52, 219, 52, 52], "intervals": [0, 0.214427, 6.3e-05, 0.23043, 7.4e-05]}