{"lengths": [82, 82, 82, 132, 79], "intervals": [0, 302.576796, 302.696633, 271.186325, 0.007296]}