{"lengths": [52, 52, 105, 52, 0], "intervals": [0, 45.203382, 34.003939, 2e-05, 0]}