{"lengths": [52, 52, 52, 52, 52], "intervals": [0, 45.213702, 45.20944, 45.212535, 45.212433]}