{"lengths": [52, 52, 105, 52, 0], "intervals": [0, 45.200394, 35.79023, 1e-05, 0]}