{"lengths": [52, 52, 52, 52, 52], "intervals": [0, 45.211973, 45.216003, 45.211988, 45.216045]}