{"lengths": [60, 52, 1360, 1360, 1348], "intervals": [0, 0.205623, 0.000896, 0.000525, 0.000263]}