{"lengths": [66, 54, 560, 54, 244], "intervals": [0, 0.247459, 0.000559, 0.309143, 0.000711]}