{"lengths": [66, 54, 392, 54, 54], "intervals": [0, 0.123843, 0.001052, 0.125637, 0.003943]}