{"lengths": [1378, 396, 1378, 1378, 1378], "intervals": [0, 0.206709, 0.00011, 5.5e-05, 4.9e-05]}