{"lengths": [1378, 60, 324, 0, 0], "intervals": [0, 0.214986, 0.024214, 0, 0]}