{"lengths": [1378, 270, 274, 71, 84], "intervals": [0, 0.210768, 2.7e-05, 0.248895, 0.000517]}