{"lengths": [60, 52, 52, 52, 0], "intervals": [0, 0.2063, 10.227301, 8.749501, 0]}