{"lengths": [66, 54, 54, 54, 0], "intervals": [0, 0.253507, 0.011183, 0.253564, 0]}