{"lengths": [52, 52, 52, 52, 52], "intervals": [0, 45.215992, 45.212093, 45.211907, 45.212095]}