{"lengths": [60, 52, 202, 108, 94], "intervals": [0, 0.20314, 0.000199, 0.203964, 1.9e-05]}