{"lengths": [52, 52, 52, 52, 52], "intervals": [0, 45.211991, 45.215978, 45.216019, 45.212015]}