{"lengths": [60, 52, 1360, 1360, 427], "intervals": [0, 0.208547, 0.004288, 0.000219, 1.6e-05]}