{"lengths": [84, 84, 84, 0, 0], "intervals": [0, 1.000343, 1.001346, 0, 0]}