{"lengths": [52, 52, 52, 52, 52], "intervals": [0, 45.21447, 45.211989, 45.212242, 45.211157]}