{"lengths": [66, 1374, 527, 280, 54], "intervals": [0, 0.242513, 0.000174, 0.245358, 0.245759]}