{"lengths": [52, 52, 52, 52, 52], "intervals": [0, 45.211993, 45.215988, 45.211988, 45.216032]}