{"lengths": [60, 52, 569, 52, 239], "intervals": [0, 0.21349, 0.000116, 0.214259, 0.001256]}