{"lengths": [60, 52, 292, 52, 297], "intervals": [0, 0.217983, 0.000267, 0.214615, 0.002849]}