{"lengths": [60, 52, 1360, 1360, 1348], "intervals": [0, 0.206294, 0.001514, 2.6e-05, 9.9e-05]}