{"lengths": [52, 52, 52, 52, 52], "intervals": [0, 45.211976, 45.211985, 32.106715, 0.216101]}