{"lengths": [52, 52, 52, 40, 40], "intervals": [0, 45.19601, 34.00642, 0.204419, 1.3e-05]}