{"lengths": [52, 52, 40, 0, 0], "intervals": [0, 13.979836, 8.106556, 0, 0]}