{"lengths": [66, 1374, 1374, 1115, 161], "intervals": [0, 0.134864, 0.000138, 0.000109, 0.208262]}