{"lengths": [60, 52, 122, 52, 52], "intervals": [0, 0.28589, 0.00333, 0.288689, 0.000263]}