{"lengths": [52, 52, 52, 52, 0], "intervals": [0, 45.216021, 32.129548, 0.213439, 0]}