{"lengths": [52, 52, 52, 52, 52], "intervals": [0, 45.21284, 45.209472, 45.213351, 45.211595]}