{"lengths": [60, 52, 52, 52, 0], "intervals": [0, 0.277908, 10.00131, 0.205808, 0]}