{"lengths": [1378, 358, 1378, 1378, 1378], "intervals": [0, 0.000585, 0.039699, 0.080407, 0.108024]}