{"lengths": [52, 52, 40, 0, 0], "intervals": [0, 13.990224, 7.708074, 0, 0]}