{"lengths": [52, 52, 52, 52, 52], "intervals": [0, 45.211949, 45.21195, 45.212016, 45.212077]}