{"lengths": [66, 54, 560, 54, 244], "intervals": [0, 0.243158, 0.000729, 0.246325, 0.000685]}