{"lengths": [66, 54, 560, 54, 244], "intervals": [0, 0.23355, 0.001728, 0.246168, 0.001035]}