{"lengths": [52, 52, 52, 52, 52], "intervals": [0, 45.211982, 45.215977, 45.211999, 45.211992]}