{"lengths": [60, 52, 52, 52, 0], "intervals": [0, 0.203806, 10.001236, 0.20418, 0]}