{"lengths": [66, 54, 928, 54, 54], "intervals": [0, 0.126572, 8.8e-05, 5.5e-05, 0.130081]}