{"lengths": [60, 52, 569, 52, 239], "intervals": [0, 0.205137, 0.000199, 0.205493, 0.004394]}