{"lengths": [1360, 1360, 1360, 1360, 1360], "intervals": [0, 0.000141, 0.000502, 9.2e-05, 3.6e-05]}