{"lengths": [52, 52, 52, 52, 52], "intervals": [0, 45.211945, 45.21598, 45.216026, 45.212036]}