{"lengths": [52, 52, 52, 52, 52], "intervals": [0, 45.215142, 45.213101, 45.21693, 45.210872]}