{"lengths": [60, 52, 52, 52, 0], "intervals": [0, 0.223662, 19.476781, 0.225045, 0]}