{"lengths": [52, 1337, 52, 52, 52], "intervals": [0, 0.002263, 45.20917, 45.20096, 45.213043]}