{"lengths": [60, 52, 263, 52, 52], "intervals": [0, 0.205474, 0.000193, 0.206264, 0.00089]}