{"lengths": [60, 52, 52, 52, 0], "intervals": [0, 0.253064, 9.942204, 5.356207, 0]}