{"lengths": [52, 52, 52, 0, 0], "intervals": [0, 45.209771, 36.306381, 0, 0]}