{"lengths": [52, 52, 52, 52, 52], "intervals": [0, 45.21572, 45.215509, 45.21484, 45.210788]}