{"lengths": [52, 52, 52, 52, 52], "intervals": [0, 0.297118, 0.300001, 0.599999, 1.203975]}