{"lengths": [60, 52, 569, 52, 239], "intervals": [0, 0.208512, 0.000468, 0.20509, 0.001489]}