{"lengths": [60, 52, 255, 52, 52], "intervals": [0, 0.217652, 0.000211, 0.218224, 2.2e-05]}