{"lengths": [1378, 428, 65, 211, 68], "intervals": [0, 8.6e-05, 0.207145, 0.206299, 0.207079]}