{"lengths": [64, 64, 64, 64, 0], "intervals": [0, 0.411752, 2414.800076, 0.414273, 0]}