{"lengths": [66, 1374, 527, 280, 54], "intervals": [0, 0.294014, 0.0001, 0.251954, 0.244903]}