{"lengths": [52, 115, 52, 52, 0], "intervals": [0, 13.722716, 0.000144, 0.218877, 0]}