{"lengths": [60, 52, 1164, 52, 0], "intervals": [0, 0.211887, 0.002311, 10.212584, 0]}