{"lengths": [52, 52, 52, 52, 52], "intervals": [0, 45.227242, 45.213185, 45.211882, 45.215145]}