{"lengths": [60, 52, 1360, 1360, 971], "intervals": [0, 0.208382, 0.001833, 0.000224, 8.4e-05]}