{"lengths": [60, 52, 259, 52, 52], "intervals": [0, 0.205467, 0.000281, 0.207499, 1.8e-05]}