{"lengths": [66, 54, 244, 54, 54], "intervals": [0, 0.12317, 0.002335, 0.124884, 0.000272]}