{"lengths": [60, 52, 202, 108, 94], "intervals": [0, 0.205228, 0.000481, 0.210002, 5.9e-05]}