{"lengths": [60, 52, 1360, 1360, 594], "intervals": [0, 0.218375, 0.004796, 0.000276, 1.5e-05]}