{"lengths": [52, 52, 52, 0, 0], "intervals": [0, 14.232034, 7.462129, 0, 0]}