{"lengths": [60, 52, 709, 52, 52], "intervals": [0, 0.134218, 0.000215, 0.135063, 0.014463]}