{"lengths": [52, 52, 52, 52, 0], "intervals": [0, 45.212002, 29.321574, 0.213859, 0]}