{"lengths": [60, 52, 255, 52, 52], "intervals": [0, 0.202873, 0.000371, 0.20438, 5.9e-05]}