{"lengths": [60, 52, 269, 52, 52], "intervals": [0, 0.213222, 0.000205, 0.214972, 0.000184]}