{"lengths": [60, 52, 709, 52, 52], "intervals": [0, 0.137901, 0.000211, 0.138952, 0.023766]}