{"lengths": [52, 52, 52, 52, 0], "intervals": [0, 45.212053, 36.305445, 0.212947, 0]}