{"lengths": [1378, 63, 60, 60, 321], "intervals": [0, 23.684057, 0.000215, 0.000319, 0.119793]}