{"lengths": [52, 52, 52, 52, 52], "intervals": [0, 45.212549, 45.211583, 45.21247, 45.213126]}