{"lengths": [66, 54, 560, 54, 244], "intervals": [0, 0.257988, 0.00059, 0.245737, 0.00329]}