{"lengths": [1378, 60, 148, 0, 0], "intervals": [0, 0.205578, 0.024929, 0, 0]}