{"lengths": [72, 72, 72, 0, 0], "intervals": [0, 2.015849, 2.016794, 0, 0]}