{"lengths": [60, 52, 1360, 1360, 1348], "intervals": [0, 0.206854, 0.001103, 9.4e-05, 0.000134]}