{"lengths": [150, 60, 160, 163, 60], "intervals": [0, 0.130799, 160.835973, 152.954415, 0.132314]}