{"lengths": [52, 52, 52, 52, 52], "intervals": [0, 45.215339, 45.214373, 45.211164, 45.216659]}