{"lengths": [60, 52, 1360, 1360, 1348], "intervals": [0, 0.206234, 0.000456, 0.000351, 0.000423]}