{"lengths": [60, 52, 569, 52, 239], "intervals": [0, 0.213792, 0.000559, 0.21489, 0.00459]}