{"lengths": [60, 52, 569, 52, 239], "intervals": [0, 0.203322, 0.000512, 0.203457, 0.002491]}