{"lengths": [60, 52, 52, 52, 0], "intervals": [0, 0.213737, 12.266307, 0.213825, 0]}