{"lengths": [60, 52, 122, 52, 52], "intervals": [0, 0.207301, 0.00306, 0.210416, 6e-05]}