{"lengths": [52, 52, 52, 52, 52], "intervals": [0, 45.211957, 45.215995, 45.216021, 45.212018]}