{"lengths": [52, 52, 105, 52, 0], "intervals": [0, 45.209506, 34.847359, 1e-05, 0]}