{"lengths": [60, 52, 52, 0, 0], "intervals": [0, 9.941594, 5.582667, 0, 0]}