{"lengths": [60, 52, 1360, 748, 52], "intervals": [0, 0.216579, 0.000142, 1e-05, 0.701284]}