{"lengths": [60, 52, 52, 52, 0], "intervals": [0, 0.233094, 10.000608, 0.223361, 0]}