{"lengths": [66, 54, 560, 54, 244], "intervals": [0, 0.239667, 0.000693, 0.240396, 0.000755]}