{"lengths": [1378, 1378, 65, 1378, 60], "intervals": [0, 0.147812, 0.200184, 0.066951, 2e-05]}