{"lengths": [66, 54, 1374, 1374, 1374], "intervals": [0, 0.126881, 0.000198, 0.000169, 0.000235]}