{"lengths": [60, 52, 219, 52, 52], "intervals": [0, 0.214666, 1e-05, 45.204106, 45.200869]}