{"lengths": [1378, 887, 888, 68, 0], "intervals": [0, 0.280635, 8e-05, 0.338456, 0]}