{"lengths": [60, 52, 52, 52, 0], "intervals": [0, 0.214809, 10.000859, 0.213621, 0]}