{"lengths": [60, 52, 1360, 1360, 1127], "intervals": [0, 0.21605, 0.004829, 0.000326, 0.000464]}