{"lengths": [66, 54, 560, 54, 244], "intervals": [0, 0.250221, 0.000544, 0.251404, 0.00075]}