{"lengths": [52, 52, 52, 0, 0], "intervals": [0, 13.919944, 0.000209, 0, 0]}