{"lengths": [52, 52, 52, 52, 0], "intervals": [0, 45.209233, 45.218361, 37.555871, 0]}