{"lengths": [60, 52, 52, 0, 0], "intervals": [0, 10.206423, 0.000208, 0, 0]}