{"lengths": [66, 1374, 527, 280, 54], "intervals": [0, 0.24485, 0.000192, 0.235817, 0.235656]}