{"lengths": [60, 52, 1360, 1360, 1141], "intervals": [0, 0.208873, 0.003658, 0.000235, 0.000239]}