{"lengths": [60, 52, 255, 52, 52], "intervals": [0, 0.218223, 0.000498, 0.218838, 5.2e-05]}