{"lengths": [60, 52, 1360, 146, 1360], "intervals": [0, 0.217579, 0.12792, 8.4e-05, 0.000638]}