{"lengths": [52, 52, 52, 52, 0], "intervals": [0, 45.212043, 36.305484, 0.213906, 0]}