{"lengths": [66, 1374, 527, 280, 54], "intervals": [0, 0.239677, 0.000575, 0.242211, 0.238507]}