{"lengths": [66, 54, 560, 54, 244], "intervals": [0, 0.245202, 0.010405, 0.24517, 0.001035]}