{"lengths": [52, 52, 52, 52, 52], "intervals": [0, 45.212799, 45.209487, 45.213339, 45.21162]}