{"lengths": [60, 52, 202, 108, 94], "intervals": [0, 0.20383, 0.000183, 0.205853, 0.000101]}