{"lengths": [66, 54, 560, 54, 244], "intervals": [0, 0.241185, 0.011131, 0.235207, 0.001107]}