{"lengths": [64, 64, 64, 64, 0], "intervals": [0, 0.412796, 1220.047247, 0.411549, 0]}