{"lengths": [60, 52, 52, 52, 0], "intervals": [0, 0.215199, 17.814191, 0.222606, 0]}