{"lengths": [1378, 888, 889, 68, 0], "intervals": [0, 0.223635, 8.2e-05, 0.266661, 0]}