{"lengths": [52, 52, 52, 52, 52], "intervals": [0, 45.215855, 45.21082, 45.217535, 45.212076]}