{"lengths": [66, 1374, 527, 280, 54], "intervals": [0, 0.25289, 0.0001, 0.245657, 0.242715]}