{"lengths": [52, 52, 52, 40, 40], "intervals": [0, 45.200007, 33.779413, 0.203217, 1.6e-05]}