{"lengths": [60, 52, 259, 52, 52], "intervals": [0, 0.205116, 0.000146, 0.206555, 0.000195]}