{"lengths": [624, 52, 52, 52, 52], "intervals": [0, 0.217462, 0.000364, 0.000348, 6.8e-05]}