{"lengths": [60, 52, 1360, 1360, 594], "intervals": [0, 0.221247, 0.003272, 0.000586, 5.9e-05]}