{"lengths": [1378, 357, 65, 353, 68], "intervals": [0, 0.000127, 0.20671, 0.206466, 0.04823]}