{"lengths": [60, 52, 259, 52, 52], "intervals": [0, 0.216557, 0.000679, 0.216982, 7.3e-05]}