{"lengths": [60, 52, 198, 108, 94], "intervals": [0, 0.204038, 2.6e-05, 0.205933, 2.5e-05]}