{"lengths": [60, 52, 1360, 1360, 1360], "intervals": [0, 0.218533, 0.00501, 5.8e-05, 0.000285]}