{"lengths": [52, 52, 52, 52, 0], "intervals": [0, 45.212027, 29.35351, 0.213443, 0]}