{"lengths": [52, 52, 105, 52, 0], "intervals": [0, 45.200983, 36.179434, 1.6e-05, 0]}