{"lengths": [60, 52, 202, 108, 94], "intervals": [0, 0.205211, 0.000361, 0.204532, 0.000479]}