{"lengths": [52, 52, 40, 0, 0], "intervals": [0, 13.988189, 7.704535, 0, 0]}