{"lengths": [60, 52, 219, 52, 52], "intervals": [0, 0.221777, 0.000212, 0.220657, 0.000328]}