{"lengths": [1378, 60, 147, 0, 0], "intervals": [0, 0.293765, 0.020659, 0, 0]}