{"lengths": [66, 1374, 527, 280, 54], "intervals": [0, 0.246214, 0.000145, 0.249608, 0.245638]}