{"lengths": [52, 52, 52, 0, 0], "intervals": [0, 14.227998, 7.857971, 0, 0]}