{"lengths": [66, 54, 243, 54, 412], "intervals": [0, 0.235035, 0.001335, 0.245056, 0.257113]}