{"lengths": [60, 52, 1360, 1360, 1360], "intervals": [0, 0.213899, 0.05255, 0.000139, 0.000313]}