{"lengths": [1378, 357, 65, 68, 0], "intervals": [0, 0.000238, 0.206493, 0.253479, 0]}