{"lengths": [52, 52, 52, 0, 0], "intervals": [0, 13.94317, 0.000349, 0, 0]}