{"lengths": [1378, 65, 382, 1378, 1378], "intervals": [0, 0.206631, 23.471488, 0.000115, 5.5e-05]}