{"lengths": [52, 52, 52, 52, 0], "intervals": [0, 45.214208, 45.21092, 32.108708, 0]}