{"lengths": [52, 52, 52, 52, 52], "intervals": [0, 45.229298, 45.210739, 45.211872, 45.214969]}