{"lengths": [60, 52, 569, 52, 239], "intervals": [0, 0.221673, 0.000375, 0.205767, 0.003076]}