{"lengths": [60, 52, 569, 52, 239], "intervals": [0, 0.206093, 0.000156, 0.207174, 0.001725]}