{"lengths": [94, 93, 89, 89, 89], "intervals": [0, 113.612692, 25.302426, 267.964684, 321.482569]}