{"lengths": [60, 52, 577, 1360, 1360], "intervals": [0, 0.133974, 0.001332, 0.014445, 0.000339]}