{"lengths": [66, 54, 235, 54, 54], "intervals": [0, 0.117423, 0.099308, 0.124413, 0.050384]}