{"lengths": [66, 1374, 527, 280, 54], "intervals": [0, 0.247727, 0.000231, 0.23639, 0.312102]}