{"lengths": [52, 52, 52, 52, 52], "intervals": [0, 45.211682, 45.211994, 45.211062, 45.212633]}