{"lengths": [66, 1374, 106, 1374, 1087], "intervals": [0, 0.130209, 9.3e-05, 2.318426, 0.000139]}