{"lengths": [60, 52, 52, 52, 0], "intervals": [0, 0.208712, 10.000652, 0.205625, 0]}