{"lengths": [1378, 60, 1007, 0, 0], "intervals": [0, 0.205892, 0.018949, 0, 0]}