{"lengths": [52, 52, 52, 52, 52], "intervals": [0, 45.211994, 45.212119, 45.213549, 45.211921]}