{"lengths": [66, 54, 560, 54, 244], "intervals": [0, 0.253225, 0.000619, 0.252014, 0.000749]}