{"lengths": [52, 52, 52, 52, 52], "intervals": [0, 45.214462, 45.211944, 45.212289, 45.21138]}