{"lengths": [52, 52, 52, 52, 52], "intervals": [0, 45.274398, 45.210811, 45.21235, 45.21287]}