{"lengths": [52, 52, 52, 52, 52], "intervals": [0, 45.216418, 45.21156, 45.211925, 45.21549]}