{"lengths": [52, 52, 52, 52, 52], "intervals": [0, 45.227929, 45.224098, 45.223998, 45.223977]}