{"lengths": [60, 52, 52, 712, 52], "intervals": [0, 0.214675, 0.000131, 0.009246, 1.868649]}