{"lengths": [60, 52, 1360, 1360, 1360], "intervals": [0, 0.219615, 0.004581, 0.000349, 4.5e-05]}