{"lengths": [60, 52, 569, 52, 239], "intervals": [0, 0.272987, 0.001538, 0.293126, 0.004691]}