{"lengths": [52, 52, 52, 52, 52], "intervals": [0, 45.211998, 45.268002, 45.211998, 45.212047]}