{"lengths": [52, 52, 105, 52, 0], "intervals": [0, 45.199694, 33.782606, 1.8e-05, 0]}