{"lengths": [66, 54, 343, 54, 350], "intervals": [0, 0.123138, 0.001722, 0.128537, 2.190185]}