{"lengths": [638, 638, 638, 638, 638], "intervals": [0, 51.541721, 32.934909, 45.320909, 44.95753]}