{"lengths": [60, 52, 1360, 1360, 1360], "intervals": [0, 0.219934, 0.186553, 0.000235, 0.000311]}