{"lengths": [66, 54, 560, 54, 244], "intervals": [0, 0.258259, 0.000901, 0.286777, 0.001121]}