{"lengths": [60, 52, 52, 52, 0], "intervals": [0, 0.29165, 10.000882, 0.237643, 0]}