{"lengths": [60, 52, 202, 108, 94], "intervals": [0, 0.294209, 0.000479, 0.281375, 2.5e-05]}