{"lengths": [1378, 357, 65, 68, 0], "intervals": [0, 0.000223, 0.215979, 0.264868, 0]}