{"lengths": [1378, 1378, 1378, 68, 1378], "intervals": [0, 0.037109, 0.074284, 0.107983, 0.003643]}