{"lengths": [52, 1360, 1360, 1360, 1360], "intervals": [0, 0.014057, 0.000482, 6e-05, 5.2e-05]}