{"lengths": [1378, 1378, 382, 1378, 1378], "intervals": [0, 0.210301, 0.00047, 0.000107, 5.3e-05]}