{"lengths": [60, 52, 1360, 861, 761], "intervals": [0, 0.21431, 1.007784, 5e-06, 1.4e-05]}