{"lengths": [60, 52, 269, 52, 52], "intervals": [0, 0.210503, 0.000227, 0.206454, 0.000344]}