{"lengths": [52, 52, 105, 52, 0], "intervals": [0, 45.209673, 34.086638, 2.4e-05, 0]}