{"lengths": [60, 60, 52, 1360, 1360], "intervals": [0, 0.400903, 0.009037, 0.001024, 0.000734]}