{"lengths": [60, 52, 386, 52, 52], "intervals": [0, 0.209041, 0.001965, 45.21843, 45.214755]}