{"lengths": [60, 52, 122, 52, 52], "intervals": [0, 0.273473, 0.004323, 0.276017, 7.1e-05]}