{"lengths": [60, 52, 52, 52, 0], "intervals": [0, 0.215053, 10.000706, 0.213714, 0]}