{"lengths": [66, 54, 560, 54, 244], "intervals": [0, 0.24213, 0.009903, 0.284164, 0.001043]}