{"lengths": [1378, 888, 181, 68, 0], "intervals": [0, 0.208584, 2.7e-05, 0.258205, 0]}