{"lengths": [52, 52, 52, 52, 52], "intervals": [0, 45.212035, 45.227971, 45.212, 45.211999]}