{"lengths": [60, 52, 1360, 1360, 1343], "intervals": [0, 0.217932, 0.000513, 2.1e-05, 8.9e-05]}