{"lengths": [60, 52, 52, 52, 0], "intervals": [0, 0.41333, 10.001567, 0.408697, 0]}