{"lengths": [1378, 480, 1378, 666, 68], "intervals": [0, 0.207007, 2.6e-05, 1.4e-05, 0.250627]}