{"lengths": [66, 54, 560, 54, 244], "intervals": [0, 0.243326, 0.000593, 0.24205, 0.000763]}