{"lengths": [52, 115, 52, 52, 0], "intervals": [0, 13.734273, 2.6e-05, 0.204774, 0]}