{"lengths": [66, 54, 560, 54, 244], "intervals": [0, 0.232947, 0.010404, 0.234596, 0.00105]}