{"lengths": [52, 52, 52, 0, 0], "intervals": [0, 45.210206, 36.30526, 0, 0]}