{"lengths": [1378, 1378, 1378, 1378, 466], "intervals": [0, 0.046259, 0.092301, 0.070136, 0.000136]}