{"lengths": [93, 89, 89, 89, 93], "intervals": [0, 190.004288, 74.283676, 170.116746, 72.57003]}