{"lengths": [150, 150, 150, 150, 150], "intervals": [0, 107.465986, 195.108362, 302.609534, 102.546048]}