{"lengths": [60, 52, 1360, 1360, 1360], "intervals": [0, 0.21914, 0.482259, 0.000705, 7.5e-05]}