{"lengths": [150, 150, 150, 202, 130], "intervals": [0, 302.577232, 302.696169, 271.189272, 0.014587]}