{"lengths": [60, 52, 52, 52, 0], "intervals": [0, 0.216383, 17.727472, 0.216925, 0]}