{"lengths": [60, 52, 1360, 498, 1360], "intervals": [0, 0.213708, 0.110499, 4.6e-05, 0.000297]}