{"lengths": [52, 52, 52, 52, 52], "intervals": [0, 45.212035, 45.215918, 45.212051, 45.211983]}