{"lengths": [66, 1374, 527, 280, 54], "intervals": [0, 0.247024, 7.2e-05, 0.25291, 0.245013]}