{"lengths": [52, 52, 52, 40, 40], "intervals": [0, 45.204043, 37.566895, 0.205556, 6.4e-05]}