{"lengths": [52, 52, 52, 52, 52], "intervals": [0, 45.211996, 45.271977, 45.211996, 45.212017]}