{"lengths": [1378, 889, 889, 68, 0], "intervals": [0, 0.206851, 0.0001, 0.254737, 0]}