{"lengths": [60, 52, 709, 52, 52], "intervals": [0, 0.141324, 0.000254, 0.142554, 0.018485]}