{"lengths": [64, 64, 64, 64, 0], "intervals": [0, 0.411677, 669.506892, 0.412085, 0]}