{"lengths": [125, 125, 125, 125, 125], "intervals": [0, 0.015409, 0.024298, 0.015754, 0.022538]}