{"lengths": [60, 52, 217, 52, 52], "intervals": [0, 0.2148, 0.000492, 0.256416, 45.211653]}