{"lengths": [62, 54, 191, 54, 54], "intervals": [0, 0.277102, 0.000484, 0.281974, 9.7e-05]}