{"lengths": [60, 52, 1360, 1360, 1360], "intervals": [0, 0.208481, 0.005008, 7.9e-05, 0.000509]}