{"lengths": [60, 52, 52, 52, 0], "intervals": [0, 0.225173, 19.704561, 0.222169, 0]}