{"lengths": [52, 52, 52, 40, 40], "intervals": [0, 45.199931, 36.051697, 0.206146, 7.3e-05]}