{"lengths": [60, 52, 52, 0, 0], "intervals": [0, 10.410243, 0.001219, 0, 0]}