{"lengths": [1360, 573, 52, 52, 52], "intervals": [0, 6e-06, 0.206053, 45.00418, 45.203972]}