{"lengths": [52, 52, 52, 52, 52], "intervals": [0, 45.215841, 45.21107, 45.2173, 45.212029]}