{"lengths": [72, 72, 72, 72, 0], "intervals": [0, 170.150876, 2.016056, 2.016165, 0]}