{"lengths": [60, 52, 709, 52, 52], "intervals": [0, 0.134093, 0.000258, 0.135386, 0.019043]}