{"lengths": [60, 52, 704, 704, 52], "intervals": [0, 0.244278, 0.000693, 0.386067, 64.993706]}