{"lengths": [66, 1374, 125, 1374, 1087], "intervals": [0, 0.130303, 8e-05, 2.788669, 0.000914]}