{"lengths": [66, 54, 560, 54, 244], "intervals": [0, 0.238685, 0.000574, 0.239555, 0.000749]}