{"lengths": [60, 52, 202, 108, 94], "intervals": [0, 0.202602, 0.000245, 0.204621, 0.000185]}