{"lengths": [60, 52, 259, 52, 52], "intervals": [0, 0.205983, 0.000168, 0.206377, 0.000513]}