{"lengths": [62, 54, 191, 54, 54], "intervals": [0, 0.343654, 0.000344, 0.254568, 8.6e-05]}