{"lengths": [60, 52, 255, 52, 52], "intervals": [0, 0.205602, 0.000304, 0.208054, 0.000445]}