{"lengths": [60, 52, 577, 1360, 1360], "intervals": [0, 0.134122, 0.001525, 0.019024, 0.00036]}