{"lengths": [1378, 357, 65, 68, 0], "intervals": [0, 0.000191, 0.2159, 0.26423, 0]}