{"lengths": [52, 52, 52, 52, 52], "intervals": [0, 45.210256, 45.21158, 45.214207, 45.210054]}