{"lengths": [52, 52, 52, 0, 0], "intervals": [0, 45.214579, 32.128402, 0, 0]}