{"lengths": [52, 1360, 1073, 52, 52], "intervals": [0, 0.134845, 0.000194, 45.214027, 45.219161]}