{"lengths": [60, 52, 1360, 1360, 1344], "intervals": [0, 0.211939, 0.000648, 0.000561, 6.7e-05]}