{"lengths": [52, 52, 52, 52, 52], "intervals": [0, 45.211921, 45.211946, 45.212028, 45.212083]}