{"lengths": [60, 52, 52, 52, 0], "intervals": [0, 0.207804, 17.822632, 0.210401, 0]}