{"lengths": [60, 52, 1360, 1360, 594], "intervals": [0, 0.220983, 0.002794, 0.000238, 1.5e-05]}