{"lengths": [52, 52, 52, 40, 40], "intervals": [0, 45.200011, 33.779596, 0.203077, 1.5e-05]}