{"lengths": [52, 52, 52, 52, 52], "intervals": [0, 45.216017, 45.219965, 37.018068, 0.215071]}