{"lengths": [52, 52, 52, 52, 52], "intervals": [0, 45.211944, 45.211998, 45.212022, 45.21202]}