{"lengths": [52, 52, 52, 52, 52], "intervals": [0, 45.211971, 45.211962, 45.212012, 45.212005]}