{"lengths": [66, 54, 242, 54, 54], "intervals": [0, 0.254742, 0.021264, 0.254724, 0.044796]}