{"lengths": [1378, 1378, 65, 65, 1378], "intervals": [0, 0.000214, 0.06057, 0.073618, 0.014776]}