{"lengths": [52, 52, 52, 52, 52], "intervals": [0, 45.216228, 45.210469, 45.217321, 45.212038]}