{"lengths": [1378, 419, 60, 1378, 393], "intervals": [0, 0.206103, 2.2e-05, 0.207253, 0.000345]}