{"lengths": [66, 54, 560, 54, 244], "intervals": [0, 0.239626, 0.000912, 0.239287, 0.001047]}