{"lengths": [52, 52, 52, 52, 52], "intervals": [0, 45.211992, 45.215981, 45.211991, 45.212017]}