{"lengths": [60, 52, 1360, 1360, 1348], "intervals": [0, 0.205388, 0.001085, 0.000893, 0.000513]}