{"lengths": [60, 52, 1360, 1360, 1360], "intervals": [0, 0.289208, 0.002867, 0.000269, 6.4e-05]}