{"lengths": [66, 54, 274, 101, 669], "intervals": [0, 0.253787, 0.090761, 0.254671, 0.253101]}