{"lengths": [1378, 60, 322, 57, 0], "intervals": [0, 0.208147, 0.021021, 0.209349, 0]}