{"lengths": [52, 52, 52, 52, 52], "intervals": [0, 45.212033, 45.215966, 45.215978, 45.212011]}