{"lengths": [1378, 392, 1378, 1378, 1378], "intervals": [0, 0.000216, 0.039593, 0.079027, 0.09877]}