{"lengths": [52, 52, 52, 0, 0], "intervals": [0, 14.231995, 7.466182, 0, 0]}