{"lengths": [1378, 69, 69, 1378, 1378], "intervals": [0, 0.039556, 0.076081, 0.035843, 0.066028]}