{"lengths": [52, 52, 52, 52, 0], "intervals": [0, 45.215088, 45.215406, 37.01997, 0]}