{"lengths": [1378, 65, 1378, 65, 1378], "intervals": [0, 0.070085, 0.08137, 0.019635, 0.044205]}