{"lengths": [60, 52, 370, 52, 52], "intervals": [0, 0.205498, 0.00016, 0.214503, 44.996641]}