{"lengths": [66, 1374, 527, 280, 54], "intervals": [0, 0.253453, 8.6e-05, 0.257049, 0.261334]}