{"lengths": [60, 52, 580, 52, 1360], "intervals": [0, 0.13866, 0.000239, 0.173658, 0.032876]}