{"lengths": [258, 258, 258, 258, 258], "intervals": [0, 30.066052, 30.07039, 30.072401, 30.054688]}