{"lengths": [60, 52, 1360, 1360, 594], "intervals": [0, 0.215863, 0.003548, 5.6e-05, 1.4e-05]}