{"lengths": [60, 52, 255, 52, 52], "intervals": [0, 0.218678, 0.000209, 0.223281, 7.7e-05]}