{"lengths": [1378, 443, 65, 439, 205], "intervals": [0, 0.000112, 0.216098, 0.216404, 0.002539]}