{"lengths": [60, 52, 1360, 1360, 427], "intervals": [0, 0.218368, 0.004119, 0.000516, 3.1e-05]}