{"lengths": [52, 52, 52, 0, 0], "intervals": [0, 45.206621, 37.147042, 0, 0]}