{"lengths": [60, 52, 1360, 1360, 1360], "intervals": [0, 0.2158, 0.001063, 0.000228, 0.000238]}