{"lengths": [60, 52, 1360, 1360, 1360], "intervals": [0, 0.21833, 0.006055, 0.00025, 3.1e-05]}