{"lengths": [52, 52, 52, 880, 98], "intervals": [0, 45.220022, 45.212027, 41.789726, 0.003761]}