{"lengths": [60, 52, 1360, 1360, 1360], "intervals": [0, 0.277684, 0.00268, 8.9e-05, 0.000195]}