{"lengths": [66, 54, 388, 54, 54], "intervals": [0, 0.130293, 0.001126, 0.125118, 0.031259]}