{"lengths": [66, 66, 62, 0, 0], "intervals": [0, 3.000241, 6.000491, 0, 0]}