{"lengths": [52, 52, 52, 40, 40], "intervals": [0, 45.199984, 35.757187, 0.204989, 6e-06]}