{"lengths": [60, 52, 255, 52, 52], "intervals": [0, 0.219783, 0.000187, 0.224341, 0.000579]}