{"lengths": [1378, 398, 1378, 1378, 1378], "intervals": [0, 0.209082, 0.000119, 8.1e-05, 8.1e-05]}