{"lengths": [60, 52, 1360, 978, 52], "intervals": [0, 0.222987, 0.000104, 1e-05, 0.540837]}