{"lengths": [60, 52, 216, 52, 52], "intervals": [0, 0.207254, 0.000167, 0.209848, 0.000879]}