{"lengths": [52, 52, 52, 52, 52], "intervals": [0, 45.211988, 45.21603, 45.211964, 45.216016]}