{"lengths": [82, 82, 82, 82, 82], "intervals": [0, 107.464265, 195.105078, 302.610858, 102.549172]}