{"lengths": [62, 1374, 1374, 1374, 1374], "intervals": [0, 0.275887, 0.000138, 0.000246, 0.257206]}