{"lengths": [52, 52, 52, 0, 0], "intervals": [0, 45.212085, 29.353275, 0, 0]}