{"lengths": [60, 52, 255, 52, 52], "intervals": [0, 0.205792, 0.000322, 0.206186, 0.000402]}