{"lengths": [60, 52, 255, 52, 52], "intervals": [0, 0.203749, 0.000603, 0.205117, 0.000472]}