{"lengths": [62, 54, 54, 0, 0], "intervals": [0, 0.264518, 0.000241, 0, 0]}