{"lengths": [52, 52, 52, 52, 52], "intervals": [0, 45.212008, 45.216004, 45.215998, 29.453191]}