{"lengths": [1378, 60, 322, 0, 0], "intervals": [0, 0.206593, 0.023688, 0, 0]}