{"lengths": [1378, 60, 322, 0, 0], "intervals": [0, 0.205938, 0.018403, 0, 0]}