{"lengths": [66, 1374, 527, 280, 54], "intervals": [0, 0.241791, 0.000121, 0.243455, 0.243238]}