{"lengths": [60, 52, 1360, 1360, 594], "intervals": [0, 0.221092, 0.002895, 8e-05, 3.2e-05]}