{"lengths": [60, 52, 52, 52, 0], "intervals": [0, 0.23141, 10.000736, 0.231901, 0]}