{"lengths": [60, 52, 315, 52, 320], "intervals": [0, 0.214571, 0.018813, 0.217264, 0.013161]}