{"lengths": [243, 251, 243, 251, 243], "intervals": [0, 298.517696, 423.243906, 476.756843, 245.268859]}