{"lengths": [60, 52, 219, 52, 52], "intervals": [0, 0.216991, 0.000119, 0.224269, 0.000244]}