{"lengths": [60, 52, 52, 52, 0], "intervals": [0, 0.207579, 10.209996, 7.02513, 0]}