{"lengths": [1378, 886, 181, 68, 400], "intervals": [0, 0.216471, 2.5e-05, 0.266074, 23.150445]}