{"lengths": [60, 52, 1360, 1360, 594], "intervals": [0, 0.233102, 0.002085, 0.000324, 2.7e-05]}