{"lengths": [1378, 60, 323, 0, 0], "intervals": [0, 0.207307, 0.025383, 0, 0]}