{"lengths": [52, 52, 52, 52, 52], "intervals": [0, 45.264807, 45.215199, 45.213449, 45.210986]}