{"lengths": [66, 1374, 527, 280, 54], "intervals": [0, 0.240056, 0.000116, 0.241899, 0.242988]}