{"lengths": [1378, 60, 323, 0, 0], "intervals": [0, 0.205107, 0.023512, 0, 0]}