{"lengths": [60, 52, 202, 108, 94], "intervals": [0, 0.215405, 6.2e-05, 0.229391, 2.7e-05]}