{"lengths": [125, 125, 125, 125, 125], "intervals": [0, 0.024113, 0.017911, 0.022989, 0.018002]}