{"lengths": [52, 52, 52, 52, 52], "intervals": [0, 45.21503, 45.213917, 45.214451, 45.213046]}