{"lengths": [52, 52, 52, 52, 52], "intervals": [0, 45.212012, 45.211944, 45.212036, 45.211959]}