{"lengths": [92, 92, 92, 92, 92], "intervals": [0, 0.750193, 0.751427, 72.533142, 0.75035]}