{"lengths": [60, 52, 569, 52, 239], "intervals": [0, 0.204904, 0.000151, 0.202684, 0.001774]}