{"lengths": [52, 52, 52, 40, 40], "intervals": [0, 45.199994, 34.095871, 0.202859, 2e-05]}