{"lengths": [60, 52, 52, 52, 0], "intervals": [0, 0.21503, 18.455533, 0.211409, 0]}