{"lengths": [60, 52, 255, 52, 52], "intervals": [0, 0.221576, 0.000239, 0.223742, 6.9e-05]}