{"lengths": [60, 52, 367, 52, 255], "intervals": [0, 0.135109, 0.000726, 0.138162, 0.00149]}