{"lengths": [60, 52, 52, 52, 1331], "intervals": [0, 1.222054, 0.000207, 1.1e-05, 0.107339]}