{"lengths": [60, 52, 709, 52, 52], "intervals": [0, 0.139358, 0.000119, 0.140878, 0.033655]}