{"lengths": [1378, 1378, 1378, 1378, 256], "intervals": [0, 0.040641, 0.080436, 0.098771, 0.000297]}