{"lengths": [60, 52, 1360, 1360, 1347], "intervals": [0, 0.214178, 0.000994, 0.000195, 0.00025]}