{"lengths": [60, 52, 122, 52, 52], "intervals": [0, 0.208017, 0.001363, 0.211463, 0.000216]}