{"lengths": [66, 54, 343, 54, 350], "intervals": [0, 0.125099, 0.001508, 0.128851, 2.660958]}