{"lengths": [52, 52, 105, 52, 0], "intervals": [0, 45.201281, 34.016041, 5.5e-05, 0]}