{"lengths": [60, 52, 52, 1360, 1360], "intervals": [0, 0.223828, 5.9e-05, 0.317047, 0.000115]}