{"lengths": [60, 52, 255, 52, 52], "intervals": [0, 0.224012, 0.000216, 0.216693, 0.000117]}