{"lengths": [60, 52, 270, 52, 52], "intervals": [0, 0.219862, 4.6e-05, 0.406429, 0.000228]}