{"lengths": [60, 52, 255, 52, 52], "intervals": [0, 0.209901, 3.8e-05, 0.21415, 10.00068]}