{"lengths": [622, 52, 52, 52, 52], "intervals": [0, 0.21767, 9.5e-05, 0.000516, 7.2e-05]}