{"lengths": [52, 52, 52, 52, 0], "intervals": [0, 45.208029, 37.149581, 0.207306, 0]}