{"lengths": [92, 92, 92, 92, 92], "intervals": [0, 0.749441, 0.750573, 0.715528, 0.750747]}