{"lengths": [1378, 443, 1378, 1378, 1378], "intervals": [0, 0.000189, 0.039492, 0.07834, 0.100449]}