{"lengths": [60, 52, 403, 52, 52], "intervals": [0, 0.217376, 4.8e-05, 0.345472, 5.9e-05]}