{"lengths": [52, 52, 52, 52, 52], "intervals": [0, 45.2107, 45.220674, 45.214729, 29.449028]}