{"lengths": [52, 52, 52, 52, 0], "intervals": [0, 45.214678, 45.215514, 37.020152, 0]}