{"lengths": [52, 52, 52, 0, 0], "intervals": [0, 45.211424, 29.321982, 0, 0]}