{"lengths": [60, 52, 482, 52, 52], "intervals": [0, 0.216873, 0.000218, 0.216635, 0.000221]}