{"lengths": [66, 1374, 527, 280, 54], "intervals": [0, 0.237422, 0.000122, 0.23848, 0.237022]}