{"lengths": [52, 52, 52, 52, 52], "intervals": [0, 45.212037, 45.227973, 45.212007, 45.21199]}