{"lengths": [60, 52, 202, 108, 94], "intervals": [0, 0.214361, 2.2e-05, 0.214896, 2.4e-05]}