{"lengths": [66, 54, 1374, 1374, 1313], "intervals": [0, 0.223168, 0.00032, 0.000271, 0.000162]}