{"lengths": [52, 52, 105, 52, 0], "intervals": [0, 45.199497, 33.78273, 2.2e-05, 0]}