{"lengths": [52, 52, 52, 52, 52], "intervals": [0, 45.211938, 45.215975, 45.216026, 45.212038]}