{"lengths": [60, 52, 1360, 1360, 1345], "intervals": [0, 0.205262, 0.000489, 0.000477, 6.5e-05]}