{"lengths": [1378, 357, 65, 68, 0], "intervals": [0, 0.000397, 0.208564, 0.254554, 0]}