{"lengths": [66, 54, 560, 54, 244], "intervals": [0, 0.237699, 0.000554, 0.241319, 0.000738]}