{"lengths": [52, 52, 52, 40, 40], "intervals": [0, 45.19592, 34.643066, 0.20527, 6.1e-05]}