{"lengths": [52, 52, 52, 52, 52], "intervals": [0, 45.224021, 45.211957, 45.212021, 45.211971]}