{"lengths": [66, 54, 1185, 54, 54], "intervals": [0, 0.125407, 0.000502, 7.5e-05, 0.13047]}