{"lengths": [52, 52, 52, 52, 52], "intervals": [0, 45.212741, 45.21049, 45.211465, 45.215654]}