{"lengths": [60, 52, 52, 52, 0], "intervals": [0, 0.218337, 17.925159, 0.219296, 0]}