{"lengths": [60, 52, 577, 1360, 1360], "intervals": [0, 0.139068, 0.001934, 0.03365, 0.000683]}