{"lengths": [1378, 357, 65, 68, 0], "intervals": [0, 0.000165, 0.209097, 0.250408, 0]}