{"lengths": [66, 66, 62, 0, 0], "intervals": [0, 3.003355, 5.999985, 0, 0]}