{"lengths": [1378, 504, 60, 1378, 703], "intervals": [0, 0.218385, 1.3e-05, 0.220285, 0.000245]}