{"lengths": [1378, 69, 69, 1378, 1378], "intervals": [0, 0.038732, 0.079493, 0.031133, 0.067828]}