{"lengths": [1378, 60, 147, 0, 0], "intervals": [0, 0.207622, 0.025451, 0, 0]}