{"lengths": [60, 52, 122, 52, 52], "intervals": [0, 0.216591, 0.00106, 0.221425, 0.000514]}