{"lengths": [1378, 60, 147, 0, 0], "intervals": [0, 0.209337, 0.033456, 0, 0]}