{"lengths": [60, 52, 202, 108, 94], "intervals": [0, 0.206005, 0.000155, 0.209253, 0.000223]}