{"lengths": [66, 54, 250, 54, 54], "intervals": [0, 0.129412, 0.001168, 0.1338, 0.051785]}