{"lengths": [60, 52, 569, 52, 239], "intervals": [0, 0.202462, 0.00021, 0.203115, 0.001333]}