{"lengths": [60, 52, 1360, 1360, 1141], "intervals": [0, 0.207599, 0.002421, 0.00088, 1.5e-05]}