{"lengths": [1378, 357, 65, 65, 0], "intervals": [0, 0.000204, 0.205204, 0.040604, 0]}