{"lengths": [66, 1374, 527, 280, 54], "intervals": [0, 0.251863, 0.000135, 0.248896, 0.249542]}