{"lengths": [60, 52, 255, 52, 52], "intervals": [0, 0.206348, 0.000189, 0.207792, 7.3e-05]}