{"lengths": [1378, 60, 147, 63, 120], "intervals": [0, 0.215946, 0.024463, 23.3988, 0.016053]}