{"lengths": [66, 54, 390, 54, 54], "intervals": [0, 0.1236, 0.00105, 0.124904, 0.004162]}