{"lengths": [62, 54, 191, 54, 54], "intervals": [0, 0.258644, 7.1e-05, 0.256896, 8.9e-05]}