{"lengths": [1378, 69, 69, 1378, 1378], "intervals": [0, 0.034467, 0.086136, 0.031756, 0.073979]}