{"lengths": [60, 109, 60, 60, 109], "intervals": [0, 9.3e-05, 80.713489, 165.013818, 7.1e-05]}