{"lengths": [52, 52, 52, 52, 52], "intervals": [0, 45.215125, 45.209601, 45.211271, 45.213388]}