{"lengths": [150, 60, 160, 150, 60], "intervals": [0, 0.13172, 80.578703, 165.016715, 0.131944]}