{"lengths": [66, 54, 560, 54, 244], "intervals": [0, 0.237114, 0.000619, 0.236888, 0.000763]}