{"lengths": [64, 64, 64, 64, 0], "intervals": [0, 0.412619, 3296.623115, 0.411855, 0]}