{"lengths": [52, 52, 52, 52, 0], "intervals": [0, 45.21468, 45.215062, 37.020227, 0]}