{"lengths": [66, 54, 274, 101, 686], "intervals": [0, 0.255431, 0.023142, 0.282125, 0.25426]}