{"lengths": [52, 52, 52, 52, 52], "intervals": [0, 45.211976, 45.216009, 37.558176, 0.212954]}