{"lengths": [52, 52, 105, 52, 0], "intervals": [0, 45.204077, 37.567405, 9.3e-05, 0]}