{"lengths": [1378, 889, 889, 68, 0], "intervals": [0, 0.207355, 2.5e-05, 0.256035, 0]}