{"lengths": [66, 1374, 527, 280, 54], "intervals": [0, 0.255513, 0.000109, 0.247273, 0.244686]}