{"lengths": [1378, 65, 65, 1378, 1378], "intervals": [0, 0.066843, 0.079857, 0.004379, 0.069143]}