{"lengths": [66, 54, 560, 54, 244], "intervals": [0, 0.234101, 0.010249, 0.236128, 0.000678]}