{"lengths": [54, 54, 54, 54, 54], "intervals": [0, 0.003389, 0.445792, 0.396499, 0.000964]}