{"lengths": [52, 52, 52, 52, 52], "intervals": [0, 45.21204, 45.211984, 45.211979, 45.212021]}