{"lengths": [60, 52, 255, 52, 52], "intervals": [0, 0.221427, 0.000222, 0.234943, 0.000322]}