{"lengths": [60, 52, 300, 52, 300], "intervals": [0, 0.223509, 0.015478, 0.229473, 0.154781]}