{"lengths": [60, 52, 504, 52, 52], "intervals": [0, 0.213153, 0.000208, 0.266226, 0.00012]}