{"lengths": [1378, 60, 60, 60, 503], "intervals": [0, 0.204851, 0.000565, 0.000303, 0.033228]}