{"lengths": [60, 52, 202, 108, 94], "intervals": [0, 0.206844, 0.000495, 0.208849, 0.000303]}