{"lengths": [60, 52, 219, 52, 52], "intervals": [0, 0.215616, 0.000371, 0.223167, 4.6e-05]}