{"lengths": [125, 125, 125, 125, 125], "intervals": [0, 0.018045, 0.021859, 0.018411, 0.023626]}