{"lengths": [52, 52, 52, 52, 52], "intervals": [0, 45.213065, 45.211377, 45.212248, 45.211922]}