{"lengths": [1378, 60, 60, 335, 1378], "intervals": [0, 0.208748, 0.000193, 0.023551, 0.000109]}