{"lengths": [60, 52, 1360, 1360, 594], "intervals": [0, 0.218727, 0.004746, 9.9e-05, 7.5e-05]}