{"lengths": [60, 52, 557, 52, 52], "intervals": [0, 0.22679, 0.003716, 1.4e-05, 0.217326]}