{"lengths": [60, 52, 577, 1360, 1360], "intervals": [0, 0.138143, 0.001034, 0.023794, 0.000237]}