{"lengths": [52, 115, 52, 52, 0], "intervals": [0, 13.648027, 1.9e-05, 0.218825, 0]}