{"lengths": [52, 52, 52, 52, 52], "intervals": [0, 45.203952, 45.204077, 45.203966, 45.208011]}