{"lengths": [66, 1374, 527, 280, 66], "intervals": [0, 0.246278, 0.000105, 0.239985, 0.795533]}