{"lengths": [52, 52, 52, 0, 0], "intervals": [0, 13.939042, 0.000395, 0, 0]}