{"lengths": [60, 52, 1360, 1360, 1348], "intervals": [0, 0.217619, 7.7e-05, 8e-05, 0.000169]}