{"lengths": [1378, 60, 323, 0, 0], "intervals": [0, 0.214572, 0.025074, 0, 0]}