{"lengths": [52, 52, 52, 40, 40], "intervals": [0, 45.199964, 34.018016, 0.200528, 3.8e-05]}