{"lengths": [72, 72, 72, 72, 0], "intervals": [0, 170.144277, 2.01674, 2.016941, 0]}