{"lengths": [52, 52, 52, 52, 52], "intervals": [0, 45.211878, 45.211958, 45.212018, 45.212085]}