{"lengths": [60, 52, 52, 52, 0], "intervals": [0, 0.217553, 10.563339, 0.213857, 0]}