{"lengths": [68, 68, 68, 68, 68], "intervals": [0, 0.000135, 0.000234, 1.2e-05, 0.000497]}