{"lengths": [52, 52, 52, 52, 52], "intervals": [0, 45.215593, 45.215761, 45.214712, 45.210985]}