{"lengths": [66, 54, 250, 54, 268], "intervals": [0, 0.130598, 0.00187, 0.137034, 0.042857]}