{"lengths": [52, 52, 105, 52, 0], "intervals": [0, 45.202905, 34.491386, 2.2e-05, 0]}