{"lengths": [52, 52, 52, 52, 52], "intervals": [0, 45.21341, 45.201136, 41.792156, 0.003842]}