{"lengths": [52, 471, 52, 52, 52], "intervals": [0, 0.139303, 0.214381, 0.000185, 44.998138]}