{"lengths": [52, 52, 105, 52, 0], "intervals": [0, 45.213146, 35.748944, 9e-06, 0]}