{"lengths": [60, 52, 52, 52, 0], "intervals": [0, 0.201554, 18.257224, 0.202828, 0]}