{"lengths": [66, 54, 274, 101, 677], "intervals": [0, 0.25372, 0.002798, 0.257446, 0.255308]}