{"lengths": [60, 52, 1360, 1360, 594], "intervals": [0, 0.213922, 0.002995, 0.000117, 2e-05]}