{"lengths": [66, 54, 1374, 527, 280], "intervals": [0, 0.292086, 0.017488, 0.000169, 0.251302]}