{"lengths": [1378, 357, 65, 68, 0], "intervals": [0, 0.000727, 0.208539, 0.257364, 0]}