{"lengths": [60, 52, 283, 52, 52], "intervals": [0, 0.210189, 0.000144, 0.212927, 0.000249]}