{"lengths": [52, 52, 52, 52, 52], "intervals": [0, 45.216014, 45.219962, 37.01807, 0.214557]}