{"lengths": [60, 52, 487, 52, 52], "intervals": [0, 0.209494, 0.000109, 0.210893, 44.998258]}