{"lengths": [72, 72, 72, 0, 0], "intervals": [0, 2.016263, 2.016886, 0, 0]}