{"lengths": [60, 52, 520, 52, 52], "intervals": [0, 0.213421, 0.000129, 0.324059, 3.9e-05]}