{"lengths": [60, 52, 1360, 1360, 1348], "intervals": [0, 0.211397, 0.000803, 0.000117, 5.4e-05]}