{"lengths": [52, 52, 52, 52, 52], "intervals": [0, 45.212836, 45.209509, 45.213359, 45.211624]}