{"lengths": [60, 52, 1360, 1360, 594], "intervals": [0, 0.231141, 0.001616, 0.000226, 1.2e-05]}