{"lengths": [60, 52, 737, 437, 52], "intervals": [0, 0.214367, 0.000532, 0.222279, 0.213995]}