{"lengths": [60, 52, 283, 52, 52], "intervals": [0, 0.212355, 0.000364, 0.216882, 0.00021]}