{"lengths": [125, 125, 125, 125, 125], "intervals": [0, 0.016578, 0.02254, 0.017098, 0.02381]}