{"lengths": [60, 52, 255, 52, 52], "intervals": [0, 0.2103, 0.000613, 0.211561, 0.000119]}