{"lengths": [64, 64, 64, 64, 0], "intervals": [0, 0.412717, 11.422442, 0.411494, 0]}