{"lengths": [52, 52, 52, 52, 52], "intervals": [0, 45.211991, 45.211989, 45.212004, 45.212032]}