{"lengths": [52, 52, 52, 40, 40], "intervals": [0, 45.199985, 35.785056, 0.207299, 7e-06]}