{"lengths": [52, 115, 52, 52, 0], "intervals": [0, 13.737944, 0.000255, 0.20519, 0]}