{"lengths": [60, 52, 255, 52, 52], "intervals": [0, 0.208562, 0.000407, 0.20982, 0.000203]}