{"lengths": [52, 52, 52, 52, 52], "intervals": [0, 45.211994, 45.215978, 45.211999, 45.212009]}