{"lengths": [60, 52, 1360, 1360, 1347], "intervals": [0, 0.203953, 0.000814, 7e-05, 0.000225]}