{"lengths": [66, 1374, 1374, 828, 145], "intervals": [0, 0.246225, 0.000204, 0.233363, 0.264692]}