{"lengths": [60, 52, 52, 52, 0], "intervals": [0, 0.23903, 10.000139, 0.224431, 0]}