{"lengths": [66, 54, 928, 54, 54], "intervals": [0, 0.124995, 0.001211, 7.7e-05, 0.155221]}