{"lengths": [60, 52, 52, 62, 143], "intervals": [0, 0.227089, 0.225567, 0.000171, 0.223332]}