{"lengths": [60, 52, 103, 52, 60], "intervals": [0, 0.254284, 0.00053, 0.253888, 0.000844]}