{"lengths": [60, 52, 1360, 1360, 1360], "intervals": [0, 0.220919, 0.017782, 9.3e-05, 6.1e-05]}