{"lengths": [465, 451, 465, 558, 465], "intervals": [0, 84.787948, 72.872594, 41.23223, 30.142891]}