{"lengths": [60, 52, 1360, 1360, 1360], "intervals": [0, 0.228365, 0.017258, 3.9e-05, 1.3e-05]}