{"lengths": [60, 52, 260, 52, 52], "intervals": [0, 0.125364, 0.008537, 0.125765, 4.9e-05]}