{"lengths": [60, 60, 60, 0, 0], "intervals": [0, 0.999913, 2.004028, 0, 0]}