{"lengths": [60, 121, 60, 52, 90], "intervals": [0, 0.254705, 0.254152, 0.048199, 0.244107]}