{"lengths": [60, 52, 274, 52, 52], "intervals": [0, 0.129974, 0.000321, 0.141485, 0.000387]}