{"lengths": [60, 151, 60, 88, 70], "intervals": [0, 0.312405, 0.392806, 0.301502, 0.386645]}