{"lengths": [60, 60, 60, 0, 0], "intervals": [0, 1.000997, 2.005499, 0, 0]}