{"lengths": [60, 52, 146, 52, 60], "intervals": [0, 0.257029, 0.00056, 0.259685, 0.000927]}