{"lengths": [50, 50, 50, 50, 50], "intervals": [0, 10.987361, 19.815318, 19.687502, 1271.659891]}