{"lengths": [60, 52, 152, 52, 60], "intervals": [0, 0.215688, 0.00132, 0.215125, 0.000513]}