{"lengths": [60, 52, 113, 52, 60], "intervals": [0, 0.218725, 0.001028, 0.206676, 0.0016]}