{"lengths": [60, 153, 60, 52, 96], "intervals": [0, 0.169759, 0.163007, 0.198067, 0.002279]}