{"lengths": [60, 52, 1064, 52, 52], "intervals": [0, 0.143531, 0.000296, 0.145173, 2.825603]}