{"lengths": [1378, 60, 147, 0, 0], "intervals": [0, 0.215155, 0.013774, 0, 0]}