{"lengths": [60, 52, 110, 52, 60], "intervals": [0, 0.282424, 0.000791, 0.282501, 0.000833]}