{"lengths": [50, 50, 50, 50, 0], "intervals": [0, 9.655729, 19.96141, 20.033009, 0]}