{"lengths": [60, 52, 158, 52, 60], "intervals": [0, 0.160334, 0.000699, 0.187537, 0.001656]}