{"lengths": [64, 137, 60, 52, 76], "intervals": [0, 0.194287, 0.186178, 0.142384, 0.084443]}