{"lengths": [60, 52, 143, 52, 52], "intervals": [0, 0.229027, 0.000141, 0.242684, 7.4e-05]}