{"lengths": [60, 85, 52, 101, 1360], "intervals": [0, 0.233397, 0.227054, 0.001179, 0.245943]}