{"lengths": [60, 52, 143, 52, 52], "intervals": [0, 0.2228, 0.000267, 0.239375, 0.000533]}