{"lengths": [449, 50, 50, 0, 0], "intervals": [0, 672.263164, 718.846763, 0, 0]}