{"lengths": [60, 52, 205, 108, 94], "intervals": [0, 0.21257, 7.7e-05, 0.219937, 0.000406]}