{"lengths": [60, 85, 52, 101, 1360], "intervals": [0, 0.227713, 0.222286, 0.000645, 0.237315]}