{"lengths": [60, 52, 100, 52, 65], "intervals": [0, 0.15158, 0.000738, 0.16666, 0.001566]}