{"lengths": [49, 547, 547, 55, 55], "intervals": [0, 4.640862, 0.001153, 0.406526, 4.9e-05]}