{"lengths": [50, 50, 50, 50, 0], "intervals": [0, 4.984385, 20.021466, 19.999957, 0]}