{"lengths": [52, 40, 105, 40, 40], "intervals": [0, 0.141297, 6.5e-05, 0.176055, 0.133488]}