{"lengths": [60, 116, 60, 52, 123], "intervals": [0, 0.261232, 0.259026, 0.208574, 0.091829]}