{"lengths": [60, 52, 1360, 1360, 1360], "intervals": [0, 0.23077, 0.015256, 9.1e-05, 5.3e-05]}