{"lengths": [50, 50, 547, 547, 547], "intervals": [0, 19.990193, 13.698057, 7.4e-05, 0.267509]}