{"lengths": [1378, 352, 65, 68, 0], "intervals": [0, 0.00066, 0.209351, 0.064115, 0]}