{"lengths": [60, 161, 60, 120, 61], "intervals": [0, 0.141293, 0.135294, 0.133939, 0.134109]}