{"lengths": [60, 158, 60, 52, 101], "intervals": [0, 0.211687, 0.21153, 0.189758, 0.056658]}