{"lengths": [72, 449, 72, 63, 449], "intervals": [0, 1.412404, 58.577251, 0.771467, 0.63228]}