{"lengths": [60, 52, 77, 52, 61], "intervals": [0, 0.131725, 0.000323, 0.150714, 3.8e-05]}