{"lengths": [60, 52, 151, 60, 52], "intervals": [0, 0.276064, 0.002233, 0.266723, 0.035045]}