{"lengths": [89, 89, 89, 89, 89], "intervals": [0, 0.865563, 14.114549, 0.887688, 14.060396]}