{"lengths": [60, 52, 161, 52, 60], "intervals": [0, 0.269687, 0.000945, 0.271161, 0.000853]}