{"lengths": [49, 49, 49, 49, 49], "intervals": [0, 15.949829, 50.529371, 8.031075, 64.91673]}