{"lengths": [60, 52, 1360, 1360, 1360], "intervals": [0, 0.242187, 0.017707, 0.000187, 8.7e-05]}