{"lengths": [64, 128, 60, 52, 109], "intervals": [0, 0.191889, 0.189694, 0.181782, 0.048845]}