{"lengths": [60, 52, 1360, 1360, 1360], "intervals": [0, 0.223578, 0.012833, 0.000115, 0.00045]}