{"lengths": [60, 52, 114, 52, 52], "intervals": [0, 0.145619, 6.8e-05, 0.184432, 0.134091]}