{"lengths": [60, 52, 143, 52, 52], "intervals": [0, 0.23529, 0.003712, 0.243546, 0.000493]}