{"lengths": [60, 52, 114, 52, 52], "intervals": [0, 0.13242, 0.029408, 0.13149, 4.8e-05]}