{"lengths": [54, 54, 54, 54, 54], "intervals": [0, 0.632752, 0.651677, 0.656052, 0.498574]}