{"lengths": [49, 49, 49, 49, 0], "intervals": [0, 16.773145, 20.020284, 19.978099, 0]}