{"lengths": [52, 52, 52, 52, 52], "intervals": [0, 45.221014, 45.230796, 45.22372, 45.239748]}