{"lengths": [60, 1360, 1360, 539, 52], "intervals": [0, 0.154038, 6.5e-05, 0.000318, 0.217934]}