{"lengths": [60, 107, 60, 82, 70], "intervals": [0, 0.464853, 0.242325, 0.236819, 0.23926]}