{"lengths": [50, 50, 50, 50, 50], "intervals": [0, 19.541209, 20.022362, 19.97995, 1388.10619]}