{"lengths": [52, 52, 52, 52, 52], "intervals": [0, 45.225408, 45.222835, 45.231971, 45.250707]}