{"lengths": [56, 56, 56, 56, 56], "intervals": [0, 1.63959, 3.242499, 5.501457, 0.205743]}