{"lengths": [60, 1360, 1360, 539, 52], "intervals": [0, 0.145658, 6.1e-05, 2.8e-05, 0.217239]}