{"lengths": [52, 52, 52, 52, 67], "intervals": [0, 0.300342, 0.907969, 0.540832, 9.59054]}