{"lengths": [60, 52, 141, 52, 60], "intervals": [0, 0.21657, 0.000837, 0.229117, 0.000705]}