{"lengths": [60, 52, 640, 52, 52], "intervals": [0, 0.143947, 0.001573, 2.970136, 4.5e-05]}