{"lengths": [60, 60, 52, 156, 52], "intervals": [0, 0.997925, 0.266691, 0.000751, 0.165775]}