{"lengths": [313, 313, 313, 313, 313], "intervals": [0, 2.997402, 2.990595, 3.007132, 2.999956]}