{"lengths": [60, 52, 114, 52, 52], "intervals": [0, 0.136517, 0.00944, 1.276274, 4.8e-05]}