{"lengths": [60, 52, 145, 52, 60], "intervals": [0, 0.241119, 0.000577, 0.255895, 0.000702]}