{"lengths": [50, 50, 50, 50, 50], "intervals": [0, 0.180806, 0.182852, 29.423102, 0.130554]}