{"lengths": [60, 52, 152, 60, 52], "intervals": [0, 0.276952, 0.00087, 0.273763, 0.043405]}