{"lengths": [52, 52, 52, 52, 52], "intervals": [0, 45.221062, 45.249911, 45.233177, 45.22163]}