{"lengths": [60, 52, 158, 52, 60], "intervals": [0, 0.158063, 0.000965, 0.156825, 0.000794]}