{"lengths": [64, 109, 60, 52, 88], "intervals": [0, 0.163775, 0.158662, 0.194633, 0.005836]}