{"lengths": [60, 52, 52, 62, 143], "intervals": [0, 0.216259, 0.216128, 8.2e-05, 0.221676]}