{"lengths": [48, 48, 49, 0, 0], "intervals": [0, 60.000814, 122.505706, 0, 0]}