{"lengths": [63, 63, 63, 63, 0], "intervals": [0, 532.864884, 382.177498, 117.80917, 0]}