{"lengths": [49, 49, 49, 49, 0], "intervals": [0, 18.964371, 20.025021, 20.016202, 0]}