{"lengths": [60, 52, 1360, 1360, 1360], "intervals": [0, 0.268799, 0.003981, 0.000181, 0.00067]}