{"lengths": [60, 78, 596, 52, 52], "intervals": [0, 0.238051, 0.235186, 5.3e-05, 0.005827]}