{"lengths": [985, 52, 985, 52, 985], "intervals": [0, 0.237869, 2.761452, 0.235945, 2.762641]}