{"lengths": [60, 52, 1360, 1360, 1360], "intervals": [0, 0.231283, 0.019276, 0.000168, 0.000255]}