{"lengths": [60, 78, 596, 52, 52], "intervals": [0, 0.216031, 0.216528, 3.4e-05, 0.000512]}