{"lengths": [60, 1360, 1360, 539, 52], "intervals": [0, 0.152254, 0.000138, 3.1e-05, 0.256421]}