{"lengths": [60, 52, 118, 52, 60], "intervals": [0, 0.15759, 0.000842, 0.158886, 0.003555]}