{"lengths": [49, 49, 49, 49, 49], "intervals": [0, 4.611863, 19.987785, 20.024092, 1402.33746]}