{"lengths": [60, 52, 1360, 1360, 1360], "intervals": [0, 0.221248, 0.021427, 0.000183, 0.001338]}