{"lengths": [60, 52, 52, 62, 143], "intervals": [0, 0.226071, 0.227772, 0.00047, 0.222608]}