{"lengths": [60, 52, 114, 52, 52], "intervals": [0, 0.143526, 0.003701, 0.147469, 4.5e-05]}