{"lengths": [56, 56, 56, 56, 56], "intervals": [0, 0.202413, 0.399092, 0.838009, 1.612249]}