{"lengths": [72, 72, 63, 63, 0], "intervals": [0, 60.003297, 122.499052, 56.852286, 0]}