{"lengths": [60, 52, 1360, 1360, 1360], "intervals": [0, 0.226333, 0.021796, 0.000113, 0.000319]}