{"lengths": [60, 52, 137, 52, 60], "intervals": [0, 0.301119, 0.000817, 0.28879, 0.000953]}