{"lengths": [50, 50, 50, 50, 0], "intervals": [0, 7.21438, 19.989456, 20.010346, 0]}