{"lengths": [49, 49, 49, 49, 49], "intervals": [0, 19.021765, 19.725656, 20.032748, 255.793509]}