{"lengths": [60, 52, 116, 52, 52], "intervals": [0, 0.29388, 3.7e-05, 0.31651, 0.272035]}