{"lengths": [60, 52, 376, 52, 52], "intervals": [0, 0.141975, 0.00307, 0.127067, 5.6e-05]}