{"lengths": [49, 49, 49, 49, 49], "intervals": [0, 18.722611, 20.360394, 375.597535, 16.676465]}