{"lengths": [60, 52, 1360, 1360, 1360], "intervals": [0, 0.226179, 0.016944, 4e-05, 2.7e-05]}