{"lengths": [60, 1360, 1360, 1360, 546], "intervals": [0, 0.140275, 0.000122, 3.5e-05, 8.4e-05]}