{"lengths": [60, 52, 143, 52, 52], "intervals": [0, 0.230281, 0.000425, 0.24565, 0.000435]}