{"lengths": [60, 52, 1360, 1360, 1360], "intervals": [0, 0.221251, 0.017367, 0.000802, 3.2e-05]}