{"lengths": [60, 52, 1360, 1360, 1360], "intervals": [0, 0.221408, 0.021051, 0.001105, 0.0011]}