{"lengths": [60, 52, 143, 52, 52], "intervals": [0, 0.219117, 0.000352, 0.243452, 8.7e-05]}