{"lengths": [60, 52, 138, 52, 60], "intervals": [0, 0.186846, 0.000683, 0.1936, 0.000831]}