{"lengths": [49, 49, 49, 49, 0], "intervals": [0, 15.333331, 20.013676, 19.546061, 0]}