{"lengths": [50, 50, 50, 0, 0], "intervals": [0, 381.637902, 117.415309, 0, 0]}