{"lengths": [48, 48, 48, 0, 0], "intervals": [0, 381.868166, 117.75025, 0, 0]}