{"lengths": [60, 52, 143, 52, 52], "intervals": [0, 0.220658, 0.000306, 0.244493, 0.000125]}