{"lengths": [60, 52, 114, 52, 52], "intervals": [0, 0.13655, 0.015777, 0.136588, 0.001827]}