{"lengths": [1378, 352, 65, 68, 0], "intervals": [0, 0.000152, 0.220434, 0.262456, 0]}