{"lengths": [52, 40, 103, 40, 40], "intervals": [0, 0.139299, 3.8e-05, 0.168677, 0.137058]}