{"lengths": [50, 547, 547, 547, 547], "intervals": [0, 0.367093, 5.9e-05, 1.091605, 0.519307]}