{"lengths": [60, 52, 1360, 1360, 1360], "intervals": [0, 0.218882, 0.016997, 0.000116, 5.5e-05]}