{"lengths": [60, 52, 1360, 1360, 1360], "intervals": [0, 0.22153, 0.013989, 0.001022, 0.000309]}