{"lengths": [60, 52, 143, 52, 52], "intervals": [0, 0.233195, 0.000173, 0.262792, 0.000722]}