{"lengths": [56, 56, 56, 56, 56], "intervals": [0, 0.201039, 0.383774, 0.80856, 1.618861]}