{"lengths": [50, 50, 50, 0, 0], "intervals": [0, 381.639159, 117.417257, 0, 0]}