{"lengths": [60, 116, 60, 52, 81], "intervals": [0, 0.318788, 0.296405, 0.200014, 0.135898]}