{"lengths": [60, 156, 60, 52, 110], "intervals": [0, 0.20971, 0.205049, 0.205247, 0.04016]}