{"lengths": [56, 56, 56, 56, 56], "intervals": [0, 1.634043, 3.235963, 5.586249, 0.205082]}