{"lengths": [52, 52, 52, 52, 52], "intervals": [0, 45.207926, 45.208033, 45.208044, 45.207955]}