{"lengths": [51, 56, 72, 56, 55], "intervals": [0, 0.346807, 0.007795, 0.162394, 0.000324]}