{"lengths": [60, 137, 60, 123, 52], "intervals": [0, 0.140404, 0.136617, 0.18049, 0.338316]}