{"lengths": [52, 52, 52, 52, 52], "intervals": [0, 45.219989, 45.211989, 45.208002, 13.892305]}