{"lengths": [49, 406, 405, 407, 404], "intervals": [0, 11.997419, 0.003352, 2.029911, 8.5e-05]}