{"lengths": [60, 60, 52, 106, 52], "intervals": [0, 1.00005, 0.135109, 0.000789, 0.133383]}