{"lengths": [60, 52, 138, 52, 60], "intervals": [0, 0.294594, 0.000668, 0.297689, 0.001566]}