{"lengths": [84, 84, 84, 84, 84], "intervals": [0, 2.8e-05, 0.200117, 4.6e-05, 0.399846]}