{"lengths": [52, 52, 52, 0, 0], "intervals": [0, 45.203997, 13.897636, 0, 0]}