{"lengths": [50, 50, 50, 50, 50], "intervals": [0, 7.568966, 20.035981, 19.966782, 1335.314852]}