{"lengths": [50, 50, 50, 50, 50], "intervals": [0, 18.702956, 20.026391, 20.0165, 1300.313649]}