{"lengths": [50, 50, 50, 50, 50], "intervals": [0, 17.016501, 19.875847, 20.041567, 496.471684]}