{"lengths": [50, 50, 50, 50, 50], "intervals": [0, 0.429706, 0.430697, 28.875791, 0.431496]}