{"lengths": [51, 47, 55, 96, 94], "intervals": [0, 0.426525, 0.26251, 0.000159, 7.4e-05]}