{"lengths": [60, 78, 596, 52, 52], "intervals": [0, 0.237919, 0.237709, 0.00149, 5.1e-05]}