{"lengths": [60, 114, 60, 52, 85], "intervals": [0, 0.267409, 0.264493, 0.196143, 0.146987]}