{"lengths": [60, 52, 1360, 1360, 1360], "intervals": [0, 0.236132, 0.021013, 0.00014, 0.000715]}