{"lengths": [60, 109, 60, 52, 113], "intervals": [0, 0.260743, 0.249701, 0.05562, 0.236016]}