{"lengths": [50, 50, 50, 50, 547], "intervals": [0, 7.971704, 20.035131, 19.970523, 6.466552]}