{"lengths": [49, 49, 49, 49, 0], "intervals": [0, 16.193484, 19.989745, 20.026801, 0]}