{"lengths": [60, 40, 134, 40, 48], "intervals": [0, 0.148081, 0.000808, 0.140519, 0.001006]}