{"lengths": [60, 40, 358, 40, 40], "intervals": [0, 0.265503, 0.000558, 0.273762, 3.3e-05]}