{"lengths": [60, 52, 1360, 1360, 1360], "intervals": [0, 0.226813, 0.014021, 0.000241, 0.000407]}