{"lengths": [60, 52, 52, 95, 692], "intervals": [0, 0.220045, 0.226415, 0.000309, 3.4e-05]}