{"lengths": [60, 52, 450, 52, 52], "intervals": [0, 0.133796, 0.012408, 5.4e-05, 0.130412]}