{"lengths": [60, 52, 143, 52, 52], "intervals": [0, 0.22239, 0.000204, 0.238039, 0.000516]}