{"lengths": [60, 52, 1360, 1360, 1360], "intervals": [0, 0.23994, 0.018196, 0.000227, 9.8e-05]}