{"lengths": [60, 52, 117, 52, 60], "intervals": [0, 0.26895, 0.000826, 0.278859, 0.000618]}