{"lengths": [60, 52, 106, 52, 60], "intervals": [0, 0.244157, 0.000827, 0.244151, 0.000646]}