{"lengths": [60, 52, 142, 52, 60], "intervals": [0, 0.229806, 0.004686, 0.228875, 0.000821]}