{"lengths": [60, 52, 1360, 1360, 1360], "intervals": [0, 0.224871, 0.017936, 9.6e-05, 0.00046]}