{"lengths": [60, 52, 143, 52, 52], "intervals": [0, 0.218236, 0.000419, 0.238157, 0.000802]}