{"lengths": [449, 449, 449, 449, 0], "intervals": [0, 59.981191, 124.722209, 54.51469, 0]}