{"lengths": [60, 134, 60, 52, 123], "intervals": [0, 0.246539, 0.223579, 0.198322, 0.068842]}