{"lengths": [50, 50, 50, 50, 0], "intervals": [0, 4.984925, 20.016569, 20.002393, 0]}