{"lengths": [60, 52, 1360, 1360, 1360], "intervals": [0, 0.225238, 0.012734, 0.002404, 3.4e-05]}