{"lengths": [1378, 60, 322, 0, 0], "intervals": [0, 0.212271, 0.025794, 0, 0]}