{"lengths": [60, 52, 103, 52, 60], "intervals": [0, 0.237712, 0.000869, 0.236764, 0.000582]}