{"lengths": [60, 52, 108, 52, 60], "intervals": [0, 0.246506, 0.003273, 0.245923, 0.000886]}