{"lengths": [449, 63, 72, 49, 49], "intervals": [0, 58.577092, 0.771377, 0.409126, 5.2e-05]}