{"lengths": [60, 85, 52, 101, 1360], "intervals": [0, 0.216138, 0.219673, 0.001652, 0.239108]}