{"lengths": [56, 52, 1360, 204, 1360], "intervals": [0, 0.405864, 0.879851, 8.1e-05, 0.149578]}