{"lengths": [60, 52, 139, 60, 52], "intervals": [0, 0.28377, 0.003381, 0.281101, 0.039588]}