{"lengths": [60, 122, 60, 52, 106], "intervals": [0, 0.238901, 0.237769, 0.062179, 0.214141]}