{"lengths": [60, 152, 60, 52, 101], "intervals": [0, 0.231082, 0.228683, 0.198628, 0.067492]}