{"lengths": [49, 48, 48, 48, 0], "intervals": [0, 59.995792, 122.504353, 56.851052, 0]}