{"lengths": [64, 52, 52, 155, 60], "intervals": [0, 0.137751, 0.001121, 0.001597, 0.142923]}