{"lengths": [60, 52, 143, 52, 52], "intervals": [0, 0.268643, 0.00044, 0.258184, 0.000263]}