{"lengths": [48, 49, 48, 49, 0], "intervals": [0, 59.996664, 124.769967, 54.586269, 0]}