{"lengths": [49, 471, 45, 471, 45], "intervals": [0, 0.762723, 0.64841, 58.578027, 1.404182]}