{"lengths": [50, 50, 50, 50, 50], "intervals": [0, 19.562833, 20.016484, 19.981845, 1388.112902]}