{"lengths": [60, 52, 143, 52, 52], "intervals": [0, 0.227535, 0.000428, 0.250147, 6.8e-05]}