{"lengths": [60, 52, 143, 52, 52], "intervals": [0, 0.223257, 0.000999, 0.240859, 8.1e-05]}