{"lengths": [471, 471, 471, 471, 0], "intervals": [0, 532.870305, 382.177332, 117.808506, 0]}