{"lengths": [49, 49, 49, 0, 0], "intervals": [0, 11.899308, 63.643647, 0, 0]}