{"lengths": [60, 78, 596, 52, 52], "intervals": [0, 0.226419, 0.217313, 5.4e-05, 0.000458]}