{"lengths": [52, 52, 52, 52, 0], "intervals": [0, 45.215979, 45.207978, 13.92021, 0]}