{"lengths": [60, 52, 121, 60, 80], "intervals": [0, 0.151482, 0.000735, 0.153361, 0.154352]}