{"lengths": [60, 155, 60, 52, 111], "intervals": [0, 0.209022, 0.207193, 0.205995, 0.040627]}