{"lengths": [60, 52, 104, 52, 60], "intervals": [0, 0.266358, 0.019793, 0.266392, 0.001565]}