{"lengths": [60, 52, 162, 52, 60], "intervals": [0, 0.269607, 0.001664, 0.269863, 0.000725]}