{"lengths": [52, 52, 56, 56, 52], "intervals": [0, 0.26896, 3.3e-05, 59.389439, 60.07863]}