{"lengths": [56, 56, 56, 56, 56], "intervals": [0, 1.637011, 3.250476, 5.44424, 0.202975]}