{"lengths": [64, 146, 60, 52, 120], "intervals": [0, 0.188213, 0.157593, 0.119046, 0.094174]}