{"lengths": [60, 151, 60, 52, 124], "intervals": [0, 0.27613, 0.268643, 0.198084, 0.112526]}