{"lengths": [60, 52, 142, 52, 60], "intervals": [0, 0.275071, 0.001828, 0.281106, 0.002439]}