{"lengths": [1378, 879, 890, 68, 0], "intervals": [0, 0.209175, 2.6e-05, 0.254494, 0]}