{"lengths": [60, 60, 60, 0, 0], "intervals": [0, 0.999645, 2.005052, 0, 0]}