{"lengths": [52, 85, 52, 52, 52], "intervals": [0, 40.890757, 0.231515, 45.081706, 45.240004]}