{"lengths": [60, 52, 143, 52, 52], "intervals": [0, 0.222977, 0.000134, 0.242559, 0.000177]}