{"lengths": [52, 937, 153, 52, 153], "intervals": [0, 0.809648, 0.033542, 32.275958, 0.671004]}