{"lengths": [60, 52, 143, 52, 52], "intervals": [0, 0.241315, 0.000138, 0.240699, 0.000233]}