{"lengths": [60, 52, 1360, 1360, 1360], "intervals": [0, 0.226834, 0.029996, 3.9e-05, 0.000934]}