{"lengths": [60, 52, 1360, 1360, 1360], "intervals": [0, 0.216593, 0.025326, 9.7e-05, 0.000319]}