{"lengths": [50, 50, 50, 50, 50], "intervals": [0, 18.975987, 19.727217, 20.030972, 255.77716]}