{"lengths": [60, 111, 60, 52, 116], "intervals": [0, 0.278244, 0.273619, 0.201254, 0.109484]}