{"lengths": [1378, 1378, 1378, 60, 1025], "intervals": [0, 0.155431, 0.05619, 0.000104, 0.022981]}