{"lengths": [60, 52, 376, 52, 52], "intervals": [0, 0.125283, 0.001688, 0.126776, 4e-05]}