{"lengths": [60, 52, 143, 52, 52], "intervals": [0, 0.233942, 0.000419, 0.256358, 3.1e-05]}