{"lengths": [49, 49, 49, 49, 49], "intervals": [0, 4.6114, 19.995304, 20.023653, 1402.337774]}