{"lengths": [60, 141, 60, 52, 101], "intervals": [0, 0.301364, 0.300044, 0.200215, 0.138485]}