{"lengths": [126, 126, 126, 126, 126], "intervals": [0, 0.432534, 0.426056, 28.877392, 0.478477]}