{"lengths": [60, 52, 1360, 1360, 1360], "intervals": [0, 0.218874, 0.023295, 5e-05, 2.6e-05]}