{"lengths": [51, 51, 51, 51, 51], "intervals": [0, 13.754282, 20.040722, 20.182603, 20.007511]}