{"lengths": [60, 52, 146, 52, 52], "intervals": [0, 0.133182, 0.007331, 0.136151, 4.1e-05]}