{"lengths": [56, 56, 56, 56, 56], "intervals": [0, 1.644765, 3.201646, 7.977205, 0.204248]}