{"lengths": [91, 91, 91, 91, 0], "intervals": [0, 192.677855, 68.067082, 83.395832, 0]}