{"lengths": [60, 52, 114, 52, 52], "intervals": [0, 0.136621, 0.069305, 0.141458, 0.000291]}