{"lengths": [48, 48, 48, 0, 0], "intervals": [0, 857.299428, 503.529266, 0, 0]}