{"lengths": [60, 52, 1360, 1360, 1360], "intervals": [0, 0.228859, 0.016622, 0.000374, 0.000131]}