{"lengths": [52, 52, 52, 115, 52], "intervals": [0, 45.20882, 45.212566, 13.704853, 0.000254]}