{"lengths": [60, 52, 1360, 1360, 1360], "intervals": [0, 0.221974, 0.016922, 4e-05, 0.000111]}