{"lengths": [45, 126, 126, 0, 0], "intervals": [0, 672.260562, 718.848943, 0, 0]}