{"lengths": [50, 50, 50, 50, 0], "intervals": [0, 7.212976, 19.99094, 20.00742, 0]}