{"lengths": [60, 52, 143, 52, 52], "intervals": [0, 0.225895, 0.000397, 0.239491, 0.000505]}