{"lengths": [60, 52, 1360, 1360, 1360], "intervals": [0, 0.220669, 0.014595, 0.000108, 0.000516]}