{"lengths": [60, 52, 124, 52, 60], "intervals": [0, 0.137851, 0.000847, 0.138582, 0.001679]}