{"lengths": [60, 122, 60, 52, 96], "intervals": [0, 0.433827, 0.209362, 0.205141, 0.046611]}