{"lengths": [60, 52, 52, 62, 143], "intervals": [0, 0.259085, 0.260798, 8.6e-05, 0.277385]}