{"lengths": [60, 52, 1360, 1360, 1360], "intervals": [0, 0.222881, 0.013656, 0.001067, 8.6e-05]}