{"lengths": [60, 52, 114, 52, 52], "intervals": [0, 0.13753, 0.0119, 0.140394, 4.3e-05]}