{"lengths": [126, 126, 126, 0, 0], "intervals": [0, 434.771348, 718.849058, 0, 0]}