{"lengths": [64, 52, 52, 116, 60], "intervals": [0, 0.164643, 0.000541, 0.001369, 0.149998]}