{"lengths": [60, 52, 1360, 1360, 1360], "intervals": [0, 0.217496, 0.016846, 0.000262, 6.3e-05]}