{"lengths": [46, 46, 46, 46, 46], "intervals": [0, 0.209688, 0.20543, 0.205877, 0.206173]}