{"lengths": [56, 56, 56, 56, 56], "intervals": [0, 1.604819, 3.219475, 5.697962, 0.201514]}