{"lengths": [60, 52, 100, 52, 65], "intervals": [0, 0.149444, 0.000313, 0.131707, 0.001119]}