{"lengths": [60, 52, 1360, 1360, 1360], "intervals": [0, 0.21688, 0.018749, 0.000136, 0.000274]}