{"lengths": [60, 121, 60, 52, 120], "intervals": [0, 0.252189, 0.237625, 0.197431, 0.08723]}