{"lengths": [60, 85, 52, 101, 1360], "intervals": [0, 0.225941, 0.227937, 0.000602, 0.242548]}