{"lengths": [60, 52, 124, 52, 60], "intervals": [0, 0.134263, 0.008711, 0.136835, 0.014386]}