{"lengths": [60, 113, 60, 52, 98], "intervals": [0, 0.240551, 0.237334, 0.198179, 0.07694]}