{"lengths": [46, 46, 46, 46, 46], "intervals": [0, 0.180541, 0.180627, 0.184025, 0.182167]}