{"lengths": [60, 52, 1360, 1360, 1360], "intervals": [0, 0.239095, 0.010191, 6.2e-05, 5.4e-05]}