{"lengths": [52, 85, 52, 52, 0], "intervals": [0, 40.890292, 45.321826, 45.248392, 0]}