{"lengths": [56, 119, 60, 52, 119], "intervals": [0, 0.229973, 0.21509, 0.212916, 0.040434]}