{"lengths": [46, 46, 46, 46, 46], "intervals": [0, 0.31467, 0.198443, 0.200347, 0.19823]}