{"lengths": [60, 52, 153, 52, 60], "intervals": [0, 0.162952, 0.000888, 0.16556, 0.001625]}