{"lengths": [60, 52, 1360, 1360, 1360], "intervals": [0, 0.223327, 0.01634, 0.000528, 5.9e-05]}