{"lengths": [60, 52, 143, 52, 52], "intervals": [0, 0.217484, 0.000434, 0.236079, 0.001058]}