{"lengths": [56, 56, 56, 56, 56], "intervals": [0, 1.623516, 3.243054, 4.981817, 0.247066]}