{"lengths": [60, 52, 104, 52, 60], "intervals": [0, 0.236914, 0.000869, 0.463931, 0.000551]}