{"lengths": [60, 52, 52, 95, 692], "intervals": [0, 0.21672, 0.216023, 0.000442, 7e-05]}