{"lengths": [60, 85, 52, 101, 1360], "intervals": [0, 0.225564, 0.219986, 0.003063, 0.239295]}