{"lengths": [60, 52, 123, 52, 60], "intervals": [0, 0.167927, 0.001225, 0.168469, 0.000614]}