{"lengths": [60, 52, 143, 52, 52], "intervals": [0, 0.221156, 0.000178, 0.250395, 0.000166]}