{"lengths": [60, 52, 143, 52, 52], "intervals": [0, 0.233632, 0.000235, 0.248675, 0.000581]}