{"lengths": [60, 52, 1360, 1360, 1360], "intervals": [0, 0.219493, 0.020094, 0.000148, 0.000132]}