{"lengths": [60, 52, 143, 52, 52], "intervals": [0, 0.220134, 0.00016, 0.2342, 0.00025]}