{"lengths": [49, 55, 55, 55, 55], "intervals": [0, 2.369617, 0.000209, 1.9e-05, 0.002107]}