{"lengths": [60, 52, 137, 52, 60], "intervals": [0, 0.240911, 0.000945, 0.236252, 0.003655]}