{"lengths": [50, 50, 50, 50, 50], "intervals": [0, 15.139982, 19.636062, 19.871263, 498.763705]}