{"lengths": [60, 148, 60, 83, 70], "intervals": [0, 0.230415, 0.227119, 0.228227, 0.229649]}