{"lengths": [1378, 60, 147, 0, 0], "intervals": [0, 0.212879, 0.02695, 0, 0]}