{"lengths": [63, 63, 63, 0, 0], "intervals": [0, 915.282201, 117.848508, 0, 0]}