{"lengths": [50, 50, 50, 50, 50], "intervals": [0, 18.997094, 19.725653, 20.032762, 255.774829]}