{"lengths": [60, 52, 114, 52, 52], "intervals": [0, 0.200168, 0.005057, 0.20089, 3.9e-05]}