{"lengths": [52, 184, 152, 1360, 1360], "intervals": [0, 0.009086, 0.240014, 0.23196, 6.8e-05]}