{"lengths": [60, 52, 118, 52, 60], "intervals": [0, 0.290149, 0.000828, 0.357978, 0.001049]}