{"lengths": [60, 52, 108, 52, 60], "intervals": [0, 0.272032, 0.000595, 0.272435, 0.001191]}