{"lengths": [60, 52, 1360, 1360, 1360], "intervals": [0, 0.242416, 0.016249, 0.000269, 4.5e-05]}