{"lengths": [60, 52, 128, 52, 60], "intervals": [0, 0.294135, 0.000521, 0.302748, 0.003401]}