{"lengths": [449, 449, 449, 449, 0], "intervals": [0, 59.981571, 124.722417, 54.514682, 0]}