{"lengths": [52, 40, 1360, 1078, 40], "intervals": [0, 0.126137, 0.004068, 6.1e-05, 1.585403]}