{"lengths": [60, 60, 60, 0, 0], "intervals": [0, 1.00014, 2.003557, 0, 0]}