{"lengths": [449, 449, 449, 449, 0], "intervals": [0, 59.980844, 124.722158, 54.514972, 0]}