{"lengths": [46, 46, 46, 46, 46], "intervals": [0, 0.289692, 0.206825, 0.207961, 0.207151]}