{"lengths": [60, 52, 107, 52, 60], "intervals": [0, 0.152441, 0.000898, 0.151285, 0.000732]}