{"lengths": [60, 52, 1360, 1360, 1360], "intervals": [0, 0.217918, 0.018407, 9.9e-05, 0.000113]}