{"lengths": [60, 163, 60, 52, 98], "intervals": [0, 0.261919, 0.255304, 0.195824, 0.098743]}