{"lengths": [60, 52, 254, 52, 52], "intervals": [0, 0.138804, 0.000598, 0.138302, 4.2e-05]}