{"lengths": [60, 52, 143, 52, 52], "intervals": [0, 0.237239, 0.000233, 0.250002, 7.1e-05]}