{"lengths": [64, 52, 154, 60, 52], "intervals": [0, 0.328318, 0.001577, 0.234222, 0.0006]}