{"lengths": [60, 52, 116, 52, 60], "intervals": [0, 0.232355, 0.000632, 0.230439, 0.000518]}