{"lengths": [60, 52, 155, 52, 60], "intervals": [0, 0.270445, 0.021098, 0.272726, 0.000927]}