{"lengths": [60, 52, 104, 52, 60], "intervals": [0, 0.144897, 0.000734, 0.141123, 0.000671]}