{"lengths": [49, 49, 49, 49, 49], "intervals": [0, 3.259376, 20.020011, 20.02203, 1346.609006]}