{"lengths": [60, 52, 1360, 1360, 1360], "intervals": [0, 0.245465, 0.011612, 0.0002, 0.001125]}