{"lengths": [48, 48, 49, 49, 0], "intervals": [0, 60.055149, 122.238509, 56.854479, 0]}