{"lengths": [57, 52, 57, 52, 57], "intervals": [0, 0.267405, 540.028831, 0.26415, 539.788931]}