{"lengths": [60, 52, 152, 52, 60], "intervals": [0, 0.301702, 0.000765, 0.300584, 0.000838]}