{"lengths": [60, 52, 130, 52, 60], "intervals": [0, 0.237112, 0.000895, 0.23811, 0.000809]}