{"lengths": [56, 56, 56, 56, 56], "intervals": [0, 1.637634, 3.244171, 67.950827, 0.206052]}