{"lengths": [60, 52, 1360, 1360, 1360], "intervals": [0, 0.239995, 0.0265, 0.00012, 7.3e-05]}