{"lengths": [697, 52, 52, 697, 52], "intervals": [0, 0.321514, 4.2e-05, 29.926487, 0.228338]}