{"lengths": [60, 52, 161, 60, 52], "intervals": [0, 0.150593, 0.002526, 0.14955, 0.00122]}