{"lengths": [60, 52, 1360, 1360, 1360], "intervals": [0, 0.228686, 0.016133, 0.000134, 0.000272]}