{"lengths": [60, 52, 450, 52, 52], "intervals": [0, 0.132964, 0.008871, 0.000269, 0.135216]}