{"lengths": [60, 52, 114, 52, 52], "intervals": [0, 0.129828, 0.007245, 0.132993, 6.4e-05]}