{"lengths": [60, 52, 1360, 1360, 1360], "intervals": [0, 0.21502, 0.01774, 0.000108, 0.000702]}