{"lengths": [60, 52, 143, 52, 52], "intervals": [0, 0.230748, 0.000167, 0.251537, 8.7e-05]}