{"lengths": [45, 471, 49, 96, 104], "intervals": [0, 58.58008, 0.768806, 0.408321, 0.000294]}