{"lengths": [60, 52, 143, 52, 52], "intervals": [0, 0.235689, 0.000458, 0.256654, 0.000136]}