{"lengths": [72, 63, 49, 49, 49], "intervals": [0, 8.6e-05, 1.143266, 0.000244, 3.7e-05]}