{"lengths": [56, 56, 56, 56, 56], "intervals": [0, 1.645236, 3.220992, 7.981867, 0.21175]}