{"lengths": [60, 52, 143, 52, 52], "intervals": [0, 0.217622, 0.000222, 0.23531, 0.001005]}