{"lengths": [60, 52, 157, 52, 60], "intervals": [0, 0.265294, 0.000576, 0.266846, 0.000942]}