{"lengths": [60, 52, 1360, 1360, 1351], "intervals": [0, 0.209704, 0.000689, 0.000139, 3.8e-05]}