{"lengths": [60, 52, 1360, 1360, 1360], "intervals": [0, 0.224507, 0.017436, 0.000271, 0.000139]}