{"lengths": [56, 1360, 204, 1360, 619], "intervals": [0, 0.210871, 0.000324, 0.138876, 5.1e-05]}