{"lengths": [60, 113, 60, 95, 52], "intervals": [0, 0.139047, 0.138144, 0.171364, 0.337109]}