{"lengths": [49, 49, 49, 49, 49], "intervals": [0, 19.016177, 19.720724, 20.04515, 255.78672]}