{"lengths": [60, 111, 60, 52, 106], "intervals": [0, 0.25034, 0.245123, 0.208891, 0.074023]}