{"lengths": [60, 52, 1360, 1360, 1360], "intervals": [0, 0.222123, 0.018044, 8.6e-05, 0.000371]}