{"lengths": [60, 52, 1360, 1177, 290], "intervals": [0, 0.128454, 5.6e-05, 4.6e-05, 0.160697]}