{"lengths": [60, 150, 60, 77, 70], "intervals": [0, 0.16335, 0.168201, 0.157406, 0.165747]}