{"lengths": [51, 54, 72, 56, 54], "intervals": [0, 0.541481, 0.000493, 0.200943, 0.000569]}