{"lengths": [60, 52, 145, 52, 60], "intervals": [0, 0.29235, 0.001547, 0.298977, 0.000834]}