{"lengths": [46, 46, 46, 46, 46], "intervals": [0, 0.314199, 0.196901, 0.197833, 0.197265]}