{"lengths": [60, 52, 143, 52, 52], "intervals": [0, 0.22498, 0.000126, 0.254107, 0.000209]}