{"lengths": [60, 52, 52, 95, 692], "intervals": [0, 0.239178, 0.237889, 0.000683, 8.5e-05]}