{"lengths": [60, 52, 1360, 1360, 1360], "intervals": [0, 0.233402, 0.013871, 0.000272, 9.7e-05]}