{"lengths": [60, 103, 60, 52, 97], "intervals": [0, 0.321962, 0.29825, 0.194542, 0.147259]}