{"lengths": [60, 52, 569, 52, 103], "intervals": [0, 0.218005, 0.000953, 0.221013, 0.000726]}