{"lengths": [60, 107, 60, 52, 124], "intervals": [0, 0.293968, 0.286552, 0.208583, 0.113237]}