{"lengths": [49, 49, 49, 49, 0], "intervals": [0, 12.121158, 20.016421, 19.980668, 0]}