{"lengths": [60, 52, 143, 52, 52], "intervals": [0, 0.234666, 0.000424, 0.250078, 7.6e-05]}