{"lengths": [60, 52, 1360, 1360, 1360], "intervals": [0, 0.129031, 0.002565, 0.000201, 5.3e-05]}