{"lengths": [60, 52, 150, 52, 60], "intervals": [0, 0.132751, 0.000743, 0.141549, 0.000799]}