{"lengths": [60, 52, 274, 52, 52], "intervals": [0, 0.134165, 0.001458, 0.140821, 0.000286]}