{"lengths": [60, 52, 143, 52, 52], "intervals": [0, 0.233522, 8e-05, 0.247219, 0.000266]}