{"lengths": [54, 54, 54, 54, 54], "intervals": [0, 0.327784, 0.381025, 0.252558, 0.250725]}