{"lengths": [1378, 549, 60, 1378, 464], "intervals": [0, 0.210951, 4.9e-05, 0.216824, 5e-05]}