{"lengths": [50, 50, 404, 134, 53], "intervals": [0, 20.099746, 13.979312, 0.070568, 0.330268]}