{"lengths": [49, 55, 55, 55, 55], "intervals": [0, 4.863584, 0.009074, 6e-05, 3e-05]}