{"lengths": [49, 547, 547, 547, 547], "intervals": [0, 1.205383, 6.5e-05, 0.215611, 0.003088]}