{"lengths": [49, 49, 49, 49, 49], "intervals": [0, 13.924965, 19.986829, 19.498805, 1329.673911]}