{"lengths": [60, 52, 52, 62, 143], "intervals": [0, 0.23204, 0.233393, 0.00013, 0.231748]}