{"lengths": [60, 52, 52, 62, 143], "intervals": [0, 0.223745, 0.231375, 0.00027, 0.222828]}