{"lengths": [60, 52, 112, 52, 60], "intervals": [0, 0.133084, 0.000928, 0.15145, 0.000633]}