{"lengths": [60, 52, 114, 52, 52], "intervals": [0, 0.132744, 0.004557, 0.133356, 0.000137]}