{"lengths": [50, 50, 50, 50, 50], "intervals": [0, 4.886199, 20.012187, 19.976913, 1024.764416]}