{"lengths": [60, 52, 1360, 1360, 938], "intervals": [0, 0.138036, 0.000914, 4.7e-05, 3.2e-05]}