{"lengths": [64, 143, 60, 52, 119], "intervals": [0, 0.160825, 0.156863, 0.12849, 0.069115]}