{"lengths": [60, 141, 60, 52, 106], "intervals": [0, 0.236872, 0.235101, 0.200355, 0.07509]}