{"lengths": [60, 52, 52, 62, 143], "intervals": [0, 0.246087, 0.223866, 0.000207, 0.242336]}