{"lengths": [60, 52, 262, 52, 52], "intervals": [0, 0.129475, 0.001288, 0.125784, 4.3e-05]}