{"lengths": [60, 123, 60, 52, 88], "intervals": [0, 0.285415, 0.284894, 0.195094, 0.128]}