{"lengths": [60, 52, 143, 52, 52], "intervals": [0, 0.222181, 0.000375, 0.241525, 0.000262]}