{"lengths": [63, 63, 63, 63, 0], "intervals": [0, 533.084459, 381.754801, 117.79988, 0]}