{"lengths": [62, 49, 62, 62, 62], "intervals": [0, 0.533916, 856.351554, 176.983998, 327.281232]}