{"lengths": [60, 52, 143, 52, 52], "intervals": [0, 0.220554, 0.00016, 0.237804, 0.002404]}