{"lengths": [60, 52, 120, 52, 60], "intervals": [0, 0.234133, 0.000784, 0.237038, 0.000664]}