{"lengths": [49, 49, 48, 48, 0], "intervals": [0, 59.998888, 122.502697, 56.853787, 0]}