{"lengths": [60, 113, 60, 84, 52], "intervals": [0, 0.156512, 0.158275, 0.19535, 0.355657]}