{"lengths": [60, 52, 138, 58, 121], "intervals": [0, 0.225107, 0.002318, 8.1e-05, 0.000275]}