{"lengths": [60, 52, 109, 52, 52], "intervals": [0, 0.286162, 3.6e-05, 0.309996, 0.267764]}