{"lengths": [60, 1360, 1360, 539, 64], "intervals": [0, 0.989785, 0.000117, 3e-05, 0.553583]}