{"lengths": [449, 449, 449, 449, 0], "intervals": [0, 59.981701, 124.722386, 54.504893, 0]}