{"lengths": [49, 49, 547, 49, 547], "intervals": [0, 3.259187, 2.334633, 17.684763, 0.754454]}