{"lengths": [60, 52, 114, 52, 60], "intervals": [0, 0.29831, 0.000789, 0.321214, 0.001295]}