{"lengths": [52, 52, 52, 52, 56], "intervals": [0, 0.336562, 0.910513, 0.538318, 13.341211]}