{"lengths": [64, 121, 60, 100, 70], "intervals": [0, 0.164936, 0.162311, 0.164745, 0.162918]}