{"lengths": [56, 1360, 204, 1360, 619], "intervals": [0, 0.230437, 5.7e-05, 0.136679, 0.000188]}