{"lengths": [60, 52, 143, 52, 52], "intervals": [0, 0.221117, 0.000425, 0.238727, 6.7e-05]}