{"lengths": [60, 52, 1360, 1360, 226], "intervals": [0, 0.232771, 0.017457, 9.1e-05, 4.5e-05]}