{"lengths": [91, 91, 93, 91, 0], "intervals": [0, 44.32128, 23.700807, 108.795743, 0]}