{"lengths": [56, 56, 56, 56, 56], "intervals": [0, 8.703896, 0.228974, 0.40177, 0.84215]}