{"lengths": [969, 52, 969, 52, 969], "intervals": [0, 0.238522, 2.759435, 0.26283, 2.737991]}