{"lengths": [60, 1360, 1360, 539, 52], "intervals": [0, 0.137884, 0.00013, 0.000129, 0.264002]}