{"lengths": [50, 50, 50, 0, 0], "intervals": [0, 434.77486, 718.846799, 0, 0]}