{"lengths": [60, 52, 1360, 1177, 52], "intervals": [0, 0.127669, 0.026457, 6.6e-05, 0.168288]}