{"lengths": [45, 45, 45, 45, 0], "intervals": [0, 59.984129, 124.719199, 54.514586, 0]}