{"lengths": [60, 52, 114, 52, 52], "intervals": [0, 0.14591, 0.017051, 0.144995, 0.000215]}