{"lengths": [60, 52, 114, 114, 52], "intervals": [0, 0.18093, 0.022955, 0.475999, 0.137286]}