{"lengths": [63, 449, 72, 449, 72], "intervals": [0, 1.412596, 58.577063, 1.403671, 121.168044]}