{"lengths": [84, 84, 84, 84, 84], "intervals": [0, 8.701313, 0.228604, 0.401554, 0.841989]}