{"lengths": [60, 52, 143, 52, 52], "intervals": [0, 0.229056, 0.000216, 0.243658, 0.000166]}