{"lengths": [60, 52, 1360, 1360, 1360], "intervals": [0, 0.226691, 0.009719, 6.4e-05, 0.000455]}