{"lengths": [60, 114, 60, 52, 115], "intervals": [0, 0.214947, 0.302079, 0.202455, 0.04695]}