{"lengths": [60, 52, 143, 52, 52], "intervals": [0, 0.21739, 0.000166, 0.232583, 9.6e-05]}