{"lengths": [60, 142, 60, 52, 92], "intervals": [0, 0.218845, 0.213737, 0.201461, 0.058791]}