{"lengths": [49, 49, 49, 49, 0], "intervals": [0, 12.125591, 20.016512, 19.981806, 0]}