{"lengths": [60, 52, 450, 52, 52], "intervals": [0, 0.131505, 0.010818, 6.5e-05, 0.132695]}