{"lengths": [45, 45, 45, 45, 0], "intervals": [0, 59.982639, 124.723423, 54.51482, 0]}