{"lengths": [60, 52, 1360, 1360, 1360], "intervals": [0, 0.233658, 0.010193, 0.000191, 0.000331]}