{"lengths": [60, 52, 1360, 1360, 1360], "intervals": [0, 0.132772, 5.9e-05, 0.000145, 5.5e-05]}