{"lengths": [60, 60, 60, 0, 0], "intervals": [0, 0.99743, 2.003563, 0, 0]}