{"lengths": [474, 474, 474, 474, 474], "intervals": [0, 851.026637, 6.858693, 53.277289, 449.198302]}