{"lengths": [45, 45, 45, 45, 0], "intervals": [0, 59.983058, 124.722267, 54.51322, 0]}