{"lengths": [49, 49, 49, 49, 49], "intervals": [0, 13.927916, 19.987911, 19.498886, 1329.660279]}