{"lengths": [72, 72, 82, 82, 67], "intervals": [0, 0.337335, 0.909632, 0.541627, 13.52825]}