{"lengths": [60, 52, 450, 52, 52], "intervals": [0, 0.129158, 0.008703, 6e-05, 0.128265]}