{"lengths": [60, 110, 60, 52, 77], "intervals": [0, 0.285088, 0.275719, 0.204335, 0.111038]}