{"lengths": [50, 50, 50, 50, 50], "intervals": [0, 7.570247, 20.035122, 19.970532, 1335.311919]}