{"lengths": [60, 52, 124, 52, 60], "intervals": [0, 0.272464, 0.001137, 0.277012, 0.000557]}