{"lengths": [60, 60, 60, 0, 0], "intervals": [0, 1.000038, 2.003007, 0, 0]}