{"lengths": [1378, 60, 60, 57, 321], "intervals": [0, 0.25622, 0.00083, 0.024066, 0.089451]}