{"lengths": [63, 72, 63, 63, 72], "intervals": [0, 60.00318, 122.757957, 2.010423, 54.582932]}