{"lengths": [60, 40, 100, 40, 48], "intervals": [0, 0.137588, 0.000574, 0.137747, 0.000709]}