{"lengths": [52, 52, 52, 52, 52], "intervals": [0, 45.207235, 45.206376, 45.209008, 45.207168]}