{"lengths": [60, 52, 1360, 1360, 1360], "intervals": [0, 0.220132, 0.015581, 4.3e-05, 2.4e-05]}