{"lengths": [51, 51, 55, 64, 55], "intervals": [0, 19.987953, 10.42916, 0.007383, 0.127401]}