{"lengths": [46, 46, 46, 46, 46], "intervals": [0, 0.328424, 0.374241, 0.255205, 0.252839]}