{"lengths": [60, 52, 143, 52, 52], "intervals": [0, 0.219247, 0.000137, 0.245478, 2.8e-05]}