{"lengths": [60, 52, 367, 52, 52], "intervals": [0, 0.132656, 0.002043, 0.133564, 6.4e-05]}