{"lengths": [60, 52, 143, 52, 52], "intervals": [0, 0.222119, 0.00013, 0.238984, 0.000479]}