{"lengths": [72, 63, 449, 63, 449], "intervals": [0, 0.757871, 0.65464, 58.577219, 1.403732]}