{"lengths": [60, 85, 52, 101, 1360], "intervals": [0, 0.223882, 0.241521, 0.000555, 0.246639]}