{"lengths": [64, 52, 52, 145, 52], "intervals": [0, 0.354948, 0.003865, 3.9e-05, 0.402255]}