{"lengths": [60, 113, 60, 52, 120], "intervals": [0, 0.256453, 0.243218, 0.199479, 0.082146]}