{"lengths": [1378, 397, 1378, 1378, 1378], "intervals": [0, 0.219841, 0.000109, 5.3e-05, 8.1e-05]}