{"lengths": [60, 52, 143, 52, 52], "intervals": [0, 0.219598, 0.00037, 0.235955, 7.2e-05]}