{"lengths": [50, 50, 50, 50, 50], "intervals": [0, 15.138751, 19.636701, 19.871519, 498.763166]}