{"lengths": [60, 52, 367, 52, 52], "intervals": [0, 0.132648, 0.001982, 0.133889, 5.3e-05]}