{"lengths": [474, 474, 474, 0, 0], "intervals": [0, 856.888281, 503.469638, 0, 0]}