{"lengths": [60, 101, 60, 52, 100], "intervals": [0, 0.289648, 0.287719, 0.201905, 0.124131]}