{"lengths": [50, 50, 50, 50, 0], "intervals": [0, 14.352825, 20.021552, 20.001568, 0]}