{"lengths": [60, 52, 114, 52, 60], "intervals": [0, 0.20634, 0.000346, 0.329533, 0.000737]}