{"lengths": [52, 52, 102, 52, 52], "intervals": [0, 0.280258, 0.000435, 0.597276, 0.274131]}