{"lengths": [60, 52, 288, 52, 52], "intervals": [0, 0.228572, 0.00021, 0.22722, 5.8e-05]}