{"lengths": [50, 50, 50, 50, 45], "intervals": [0, 15.596401, 19.466255, 20.053099, 20.269347]}