{"lengths": [60, 52, 143, 52, 52], "intervals": [0, 0.219423, 0.000132, 0.236778, 7.2e-05]}