{"lengths": [50, 50, 50, 50, 50], "intervals": [0, 11.227065, 19.827228, 19.682366, 1334.489017]}