{"lengths": [60, 52, 150, 52, 60], "intervals": [0, 0.21566, 0.001563, 0.216635, 0.0008]}