{"lengths": [60, 52, 102, 52, 60], "intervals": [0, 0.283262, 0.000828, 0.286281, 0.001015]}