{"lengths": [60, 52, 143, 52, 52], "intervals": [0, 0.231168, 0.000415, 0.249228, 0.000342]}