{"lengths": [60, 52, 143, 52, 52], "intervals": [0, 0.218594, 0.00013, 0.243499, 0.000112]}