{"lengths": [60, 52, 111, 52, 60], "intervals": [0, 0.167044, 0.000814, 0.162532, 0.001024]}