{"lengths": [471, 471, 471, 471, 0], "intervals": [0, 533.092709, 381.752178, 117.801367, 0]}