{"lengths": [49, 49, 49, 49, 49], "intervals": [0, 9.732017, 19.983893, 20.029615, 1009.458485]}