{"lengths": [50, 50, 50, 50, 50], "intervals": [0, 2.469388, 19.989609, 19.993365, 844.306441]}