{"lengths": [60, 122, 60, 52, 118], "intervals": [0, 0.183246, 0.177575, 0.20643, 0.007167]}