{"lengths": [50, 50, 50, 50, 50], "intervals": [0, 13.041468, 19.658848, 20.360387, 500.361715]}