{"lengths": [60, 52, 143, 52, 60], "intervals": [0, 0.270569, 0.000825, 0.276474, 0.001098]}