{"lengths": [50, 50, 50, 50, 0], "intervals": [0, 19.511182, 19.982499, 20.099872, 0]}