{"lengths": [969, 52, 969, 52, 969], "intervals": [0, 0.228496, 2.771534, 0.229421, 2.769642]}