{"lengths": [50, 547, 547, 67, 547], "intervals": [0, 14.512605, 0.005372, 0.039928, 0.588639]}