{"lengths": [471, 471, 471, 471, 0], "intervals": [0, 533.69886, 382.348729, 117.801543, 0]}