{"lengths": [60, 138, 60, 52, 113], "intervals": [0, 0.208963, 0.205579, 0.208321, 0.037868]}