{"lengths": [46, 46, 46, 46, 46], "intervals": [0, 0.3284, 0.22828, 0.231246, 0.232577]}