{"lengths": [60, 52, 117, 52, 60], "intervals": [0, 0.235766, 0.000972, 0.235872, 0.00091]}