{"lengths": [60, 104, 60, 87, 52], "intervals": [0, 0.152413, 0.138719, 0.178346, 0.342053]}