{"lengths": [60, 143, 60, 52, 89], "intervals": [0, 0.262753, 0.24865, 0.207823, 0.079462]}