{"lengths": [46, 46, 46, 46, 46], "intervals": [0, 0.629966, 0.633093, 0.651392, 0.656097]}