{"lengths": [60, 52, 143, 52, 52], "intervals": [0, 0.227031, 0.0002, 0.25305, 3.6e-05]}