{"lengths": [60, 52, 1360, 1360, 1360], "intervals": [0, 0.231363, 0.019242, 8.7e-05, 6.1e-05]}