{"lengths": [60, 52, 115, 52, 60], "intervals": [0, 0.156342, 0.00085, 0.15564, 0.000858]}