{"lengths": [49, 49, 49, 49, 49], "intervals": [0, 601.911768, 601.813327, 598.463388, 1100.91885]}