{"lengths": [60, 52, 155, 52, 60], "intervals": [0, 0.215604, 0.000835, 0.218027, 0.002139]}