{"lengths": [474, 96, 474, 474, 474], "intervals": [0, 0.539692, 856.351182, 176.982036, 327.289405]}