{"lengths": [60, 52, 1360, 1360, 1360], "intervals": [0, 0.22228, 0.019862, 0.000106, 0.000116]}