{"lengths": [56, 56, 56, 56, 56], "intervals": [0, 0.202383, 0.399094, 0.838009, 1.612276]}