{"lengths": [60, 52, 145, 52, 60], "intervals": [0, 0.301415, 0.001217, 0.317508, 0.000759]}