{"lengths": [64, 137, 60, 52, 93], "intervals": [0, 0.166361, 0.162995, 0.105692, 0.098065]}