{"lengths": [60, 141, 60, 76, 52], "intervals": [0, 0.142324, 0.133917, 0.170061, 0.330812]}