{"lengths": [60, 52, 1360, 1360, 1360], "intervals": [0, 0.220741, 0.018424, 9.2e-05, 0.000488]}