{"lengths": [60, 163, 60, 52, 119], "intervals": [0, 0.272103, 0.268992, 0.193744, 0.116748]}