{"lengths": [60, 85, 52, 101, 1360], "intervals": [0, 0.231385, 0.222083, 0.000724, 0.243297]}