{"lengths": [60, 52, 143, 52, 52], "intervals": [0, 0.225475, 0.000953, 0.242168, 3.1e-05]}