{"lengths": [60, 104, 60, 52, 119], "intervals": [0, 0.216544, 0.215351, 0.200745, 0.056019]}