{"lengths": [64, 52, 52, 113, 52], "intervals": [0, 0.27967, 3.3e-05, 2.2e-05, 0.270257]}