{"lengths": [60, 52, 143, 52, 52], "intervals": [0, 0.232697, 0.000296, 0.245177, 0.000385]}