{"lengths": [60, 52, 156, 52, 60], "intervals": [0, 0.250736, 0.000657, 0.254595, 0.000503]}