{"lengths": [57, 57, 57, 57, 57], "intervals": [0, 539.566523, 540.478958, 539.615715, 540.525706]}