{"lengths": [49, 403, 132, 68, 68], "intervals": [0, 3.21343, 0.000141, 8.3e-05, 0.000159]}