{"lengths": [48, 48, 48, 0, 0], "intervals": [0, 381.825472, 117.805994, 0, 0]}