{"lengths": [50, 50, 50, 50, 50], "intervals": [0, 12.497457, 19.997532, 19.99902, 939.435253]}