{"lengths": [60, 52, 145, 52, 60], "intervals": [0, 0.234693, 0.000876, 0.235542, 0.000729]}