{"lengths": [60, 52, 146, 52, 52], "intervals": [0, 0.153993, 0.007633, 0.137541, 4.2e-05]}