{"lengths": [60, 52, 1360, 1360, 226], "intervals": [0, 0.228625, 0.018055, 0.000177, 5.7e-05]}