{"lengths": [60, 52, 1360, 1360, 1360], "intervals": [0, 0.237179, 0.017041, 0.00021, 0.000278]}