{"lengths": [60, 122, 60, 52, 116], "intervals": [0, 0.295451, 0.291123, 0.208884, 0.131902]}