{"lengths": [471, 45, 49, 45, 49], "intervals": [0, 1.411016, 58.580614, 1.400973, 121.167789]}