{"lengths": [60, 147, 60, 52, 83], "intervals": [0, 0.245114, 0.238245, 0.054834, 0.224419]}