{"lengths": [50, 50, 55, 55, 55], "intervals": [0, 20.09577, 17.793127, 5.5e-05, 2.6e-05]}