{"lengths": [50, 50, 50, 50, 50], "intervals": [0, 0.180836, 0.182459, 29.423499, 0.130561]}