{"lengths": [60, 52, 155, 52, 60], "intervals": [0, 0.198667, 0.000565, 0.184697, 0.003817]}