{"lengths": [681, 52, 52, 1033, 681], "intervals": [0, 1.148412, 0.033528, 31.930302, 0.87298]}