{"lengths": [163, 163, 163, 163, 163], "intervals": [0, 601.921468, 601.814189, 598.463569, 1100.92392]}