{"lengths": [60, 52, 110, 52, 60], "intervals": [0, 0.148956, 0.002487, 0.150561, 0.000828]}