{"lengths": [60, 52, 143, 52, 52], "intervals": [0, 0.220545, 0.000298, 0.235589, 8.6e-05]}