{"lengths": [60, 162, 60, 52, 94], "intervals": [0, 0.141869, 0.13874, 0.052648, 0.124853]}