{"lengths": [64, 111, 60, 52, 110], "intervals": [0, 0.163312, 0.162863, 0.120309, 0.080457]}