{"lengths": [60, 52, 119, 52, 52], "intervals": [0, 0.144871, 4.3e-05, 0.183141, 0.134342]}