{"lengths": [60, 130, 60, 119, 70], "intervals": [0, 0.246952, 0.24664, 0.235723, 0.239787]}