{"lengths": [50, 50, 50, 50, 0], "intervals": [0, 4.518752, 20.01471, 20.220105, 0]}