{"lengths": [64, 52, 52, 126, 52], "intervals": [0, 0.2691, 4.1e-05, 0.002135, 0.268013]}