{"lengths": [60, 121, 60, 52, 84], "intervals": [0, 0.262293, 0.346884, 0.047762, 0.258181]}