{"lengths": [72, 63, 63, 63, 0], "intervals": [0, 60.003286, 122.499015, 56.85231, 0]}