{"lengths": [60, 52, 162, 52, 60], "intervals": [0, 0.268462, 0.003236, 0.271643, 0.001438]}