{"lengths": [60, 52, 143, 52, 52], "intervals": [0, 0.226781, 0.000121, 0.242045, 9.8e-05]}