{"lengths": [49, 49, 59, 547, 49], "intervals": [0, 5.804661, 18.974249, 8.9e-05, 1.020949]}