{"lengths": [60, 52, 161, 52, 60], "intervals": [0, 0.212683, 0.000812, 0.212169, 0.001036]}