{"lengths": [54, 54, 54, 54, 54], "intervals": [0, 0.178664, 0.18016, 0.188286, 0.177847]}