{"lengths": [60, 52, 1360, 1360, 1360], "intervals": [0, 0.223508, 0.017607, 0.000146, 0.000537]}