{"lengths": [60, 52, 1360, 1360, 1360], "intervals": [0, 0.134891, 0.001022, 5.2e-05, 5.3e-05]}