{"lengths": [60, 161, 60, 113, 52], "intervals": [0, 0.157841, 0.155057, 0.194917, 0.354264]}