{"lengths": [449, 449, 449, 449, 0], "intervals": [0, 59.980988, 124.722521, 54.514551, 0]}