{"lengths": [60, 158, 60, 52, 90], "intervals": [0, 0.216387, 0.219657, 0.199844, 0.061012]}