{"lengths": [63, 63, 63, 0, 0], "intervals": [0, 381.866342, 117.751871, 0, 0]}