{"lengths": [60, 109, 60, 85, 70], "intervals": [0, 0.283599, 0.276588, 0.276305, 0.273913]}