{"lengths": [54, 54, 54, 54, 54], "intervals": [0, 0.310094, 0.19792, 0.196473, 0.198343]}