{"lengths": [60, 52, 114, 52, 52], "intervals": [0, 0.136146, 0.007809, 0.138806, 5.2e-05]}