{"lengths": [50, 50, 50, 0, 0], "intervals": [0, 5.587216, 20.018904, 0, 0]}