{"lengths": [54, 54, 54, 54, 54], "intervals": [0, 0.206249, 0.205232, 0.206849, 0.211624]}