{"lengths": [60, 52, 156, 52, 60], "intervals": [0, 0.154812, 0.002113, 0.160275, 0.000991]}