{"lengths": [50, 50, 50, 0, 0], "intervals": [0, 5.585606, 20.017676, 0, 0]}