{"lengths": [60, 125, 60, 52, 111], "intervals": [0, 0.254431, 0.263871, 0.187378, 0.108866]}