{"lengths": [60, 147, 60, 94, 70], "intervals": [0, 0.16244, 0.156715, 0.151982, 0.151246]}