{"lengths": [60, 52, 114, 52, 52], "intervals": [0, 0.143799, 0.071935, 0.14777, 4.4e-05]}