{"lengths": [50, 50, 50, 50, 0], "intervals": [0, 14.355225, 20.016568, 20.002352, 0]}