{"lengths": [60, 52, 569, 52, 239], "intervals": [0, 0.207668, 0.000501, 0.207535, 0.004627]}