{"lengths": [60, 60, 60, 0, 0], "intervals": [0, 1.000656, 2.007396, 0, 0]}