{"lengths": [60, 52, 1360, 1360, 1360], "intervals": [0, 0.223347, 0.015774, 0.000488, 0.000596]}