{"lengths": [60, 60, 52, 143, 52], "intervals": [0, 0.997862, 0.220158, 0.000417, 0.239164]}