{"lengths": [56, 56, 56, 56, 56], "intervals": [0, 0.202435, 0.399069, 0.837993, 1.612228]}