{"lengths": [1378, 879, 890, 68, 0], "intervals": [0, 0.221847, 0.000144, 0.263801, 0]}