{"lengths": [60, 123, 60, 112, 70], "intervals": [0, 0.255002, 0.246442, 0.241192, 0.246329]}