{"lengths": [60, 113, 60, 52, 104], "intervals": [0, 0.273114, 0.271124, 0.204092, 0.102744]}