{"lengths": [60, 151, 60, 52, 122], "intervals": [0, 0.213073, 0.210589, 0.2089, 0.040055]}