{"lengths": [60, 52, 143, 52, 52], "intervals": [0, 0.224642, 0.001146, 0.256994, 0.000168]}