{"lengths": [60, 52, 130, 52, 60], "intervals": [0, 0.13524, 0.010409, 0.134474, 0.008954]}