{"lengths": [60, 52, 143, 52, 52], "intervals": [0, 0.234368, 0.000422, 0.27234, 0.00017]}