{"lengths": [60, 52, 150, 52, 60], "intervals": [0, 0.251383, 0.000522, 0.260234, 0.00087]}