{"lengths": [60, 52, 108, 60, 52], "intervals": [0, 0.272178, 0.00804, 0.272644, 0.041166]}