{"lengths": [50, 50, 50, 50, 50], "intervals": [0, 18.698586, 20.027846, 20.016335, 1300.30925]}