{"lengths": [60, 52, 1360, 1360, 1360], "intervals": [0, 0.253079, 0.009858, 0.000742, 7.5e-05]}