{"lengths": [60, 124, 60, 94, 52], "intervals": [0, 0.139451, 0.13857, 0.17826, 0.33679]}