{"lengths": [64, 147, 60, 52, 101], "intervals": [0, 0.237859, 0.233865, 0.210629, 0.061003]}