{"lengths": [60, 52, 143, 52, 52], "intervals": [0, 0.218575, 0.000216, 0.242197, 0.000307]}