{"lengths": [60, 85, 52, 101, 1360], "intervals": [0, 0.26083, 0.274228, 0.003077, 0.282004]}