{"lengths": [60, 52, 1360, 1360, 1360], "intervals": [0, 0.237405, 0.018247, 0.000429, 9.8e-05]}