{"lengths": [50, 50, 50, 50, 50], "intervals": [0, 4.888213, 20.004831, 19.983896, 1024.762306]}