{"lengths": [49, 49, 49, 49, 0], "intervals": [0, 13.386359, 19.987898, 19.498856, 0]}