{"lengths": [48, 48, 48, 0, 0], "intervals": [0, 915.289336, 118.271991, 0, 0]}