{"lengths": [60, 52, 116, 52, 60], "intervals": [0, 0.253402, 0.00065, 0.240094, 0.000889]}