{"lengths": [50, 50, 50, 50, 0], "intervals": [0, 1.677696, 20.019386, 20.020627, 0]}