{"lengths": [60, 115, 60, 52, 82], "intervals": [0, 0.237329, 0.248367, 0.191427, 0.09542]}