{"lengths": [60, 52, 143, 52, 52], "intervals": [0, 0.224679, 0.00858, 0.248479, 0.000184]}