{"lengths": [126, 126, 126, 126, 126], "intervals": [0, 0.429809, 0.429745, 28.876408, 0.481041]}