{"lengths": [60, 52, 266, 52, 52], "intervals": [0, 0.204455, 0.000171, 0.208894, 5.3e-05]}