{"lengths": [60, 52, 155, 52, 60], "intervals": [0, 0.240154, 0.000739, 0.433072, 0.000644]}