{"lengths": [60, 52, 143, 52, 52], "intervals": [0, 0.239894, 0.000268, 0.248351, 0.000129]}