{"lengths": [39, 39, 39, 39, 0], "intervals": [0, 60.570583, 121.968241, 56.93109, 0]}