{"lengths": [57, 52, 57, 52, 57], "intervals": [0, 0.268485, 539.295829, 0.27076, 540.207631]}