{"lengths": [60, 52, 1060, 52, 52], "intervals": [0, 0.143709, 0.000271, 0.145005, 2.382042]}