{"lengths": [67, 104, 104, 115, 114], "intervals": [0, 329.595761, 53.188204, 1.511905, 0.550794]}