{"lengths": [60, 52, 104, 52, 60], "intervals": [0, 0.136823, 0.000812, 0.13956, 0.000563]}