{"lengths": [60, 52, 153, 52, 60], "intervals": [0, 0.134444, 0.000915, 0.138114, 0.000614]}