{"lengths": [60, 52, 143, 52, 52], "intervals": [0, 0.226107, 0.000425, 0.238248, 7.8e-05]}