{"lengths": [60, 52, 114, 52, 52], "intervals": [0, 0.13582, 0.092429, 0.137996, 3e-05]}