{"lengths": [52, 52, 115, 52, 52], "intervals": [0, 45.219869, 13.67531, 8.7e-05, 0.204073]}