{"lengths": [60, 111, 60, 52, 99], "intervals": [0, 0.265699, 0.269627, 0.216326, 0.10205]}