{"lengths": [64, 52, 52, 150, 60], "intervals": [0, 0.244566, 0.003743, 0.000927, 0.251784]}