{"lengths": [60, 52, 141, 52, 60], "intervals": [0, 0.245807, 0.000969, 0.249358, 0.000873]}