{"lengths": [60, 52, 1360, 1360, 1360], "intervals": [0, 0.220907, 0.022702, 0.000125, 9.5e-05]}