{"lengths": [60, 1360, 1360, 539, 52], "intervals": [0, 0.143474, 8.4e-05, 7.5e-05, 0.205605]}