{"lengths": [60, 107, 60, 90, 52], "intervals": [0, 0.142286, 0.133477, 0.170873, 0.332408]}