{"lengths": [60, 1360, 1360, 539, 52], "intervals": [0, 0.162035, 0.00026, 2.9e-05, 0.250826]}