{"lengths": [60, 52, 262, 52, 52], "intervals": [0, 0.212524, 0.000587, 0.252632, 0.000182]}