{"lengths": [60, 133, 60, 52, 77], "intervals": [0, 0.178111, 0.175388, 0.196951, 0.017868]}