{"lengths": [63, 63, 72, 72, 0], "intervals": [0, 60.061491, 122.235065, 56.852307, 0]}