{"lengths": [60, 52, 1360, 1360, 1360], "intervals": [0, 0.217617, 0.023361, 0.000709, 0.001802]}