{"lengths": [49, 49, 49, 49, 0], "intervals": [0, 14.274, 19.995104, 20.024902, 0]}