{"lengths": [471, 471, 471, 471, 0], "intervals": [0, 534.292669, 381.464864, 117.804647, 0]}