{"lengths": [60, 107, 60, 52, 79], "intervals": [0, 0.299034, 0.291152, 0.19623, 0.133172]}