{"lengths": [60, 52, 117, 52, 60], "intervals": [0, 0.277477, 0.006998, 0.278116, 0.000871]}