{"lengths": [45, 45, 45, 0, 0], "intervals": [0, 124.71729, 54.516013, 0, 0]}