{"lengths": [60, 52, 205, 108, 94], "intervals": [0, 0.207628, 0.00043, 0.223863, 7.2e-05]}