{"lengths": [60, 52, 129, 52, 60], "intervals": [0, 0.142637, 0.005969, 0.136013, 0.000552]}