{"lengths": [60, 40, 96, 40, 48], "intervals": [0, 0.140125, 0.000705, 0.137735, 0.000619]}