{"lengths": [1378, 60, 60, 1378, 1378], "intervals": [0, 0.214421, 0.001038, 0.026911, 5e-05]}