{"lengths": [60, 52, 1360, 1360, 1360], "intervals": [0, 0.226727, 0.022938, 0.000331, 0.000276]}