{"lengths": [60, 52, 1360, 1192, 302], "intervals": [0, 0.134277, 8.8e-05, 5.4e-05, 0.146249]}