{"lengths": [60, 148, 60, 52, 116], "intervals": [0, 0.24084, 0.241607, 0.198758, 0.086075]}