{"lengths": [50, 50, 50, 50, 0], "intervals": [0, 19.735935, 20.001357, 20.2182, 0]}