{"lengths": [60, 52, 132, 52, 60], "intervals": [0, 0.273574, 0.000847, 0.275238, 0.000842]}