{"lengths": [49, 49, 49, 49, 0], "intervals": [0, 16.768538, 20.022032, 19.972649, 0]}