{"lengths": [63, 63, 63, 63, 0], "intervals": [0, 534.01036, 382.351157, 117.802279, 0]}