{"lengths": [1378, 57, 322, 0, 0], "intervals": [0, 0.026187, 0.013613, 0, 0]}