{"lengths": [60, 52, 158, 52, 60], "intervals": [0, 0.224252, 0.002014, 0.209704, 0.001114]}