{"lengths": [60, 163, 60, 52, 86], "intervals": [0, 0.218889, 0.211101, 0.203688, 0.045464]}