{"lengths": [60, 124, 60, 52, 106], "intervals": [0, 0.159757, 0.162004, 0.194849, 0.002031]}