{"lengths": [49, 49, 49, 49, 0], "intervals": [0, 18.96404, 20.026419, 20.016479, 0]}