{"lengths": [60, 1360, 1360, 539, 52], "intervals": [0, 0.144075, 8.6e-05, 3.1e-05, 0.213261]}