{"lengths": [57, 57, 57, 57, 52], "intervals": [0, 540.29299, 540.053573, 540.181698, 382.61123]}