{"lengths": [50, 50, 50, 50, 0], "intervals": [0, 4.517295, 20.017793, 20.218098, 0]}