{"lengths": [60, 1360, 1360, 539, 52], "intervals": [0, 0.145195, 8.2e-05, 3e-05, 0.210092]}