{"lengths": [60, 52, 143, 52, 52], "intervals": [0, 0.230887, 0.000426, 0.235972, 9e-05]}