{"lengths": [50, 50, 50, 50, 0], "intervals": [0, 7.004348, 20.018888, 324.407778, 0]}