{"lengths": [60, 52, 159, 52, 60], "intervals": [0, 0.20643, 0.000658, 0.208378, 0.00095]}