{"lengths": [60, 52, 52, 52, 0], "intervals": [0, 0.219642, 10.001434, 0.219871, 0]}