{"lengths": [120, 52, 152, 136, 136], "intervals": [0, 0.301067, 0.000192, 0.283362, 0.284943]}