{"lengths": [50, 50, 50, 50, 0], "intervals": [0, 19.72315, 20.017787, 20.218084, 0]}