{"lengths": [60, 52, 143, 52, 52], "intervals": [0, 0.243998, 0.000368, 0.250915, 0.000267]}