{"lengths": [63, 63, 63, 0, 0], "intervals": [0, 381.830441, 117.801237, 0, 0]}