{"lengths": [50, 50, 552, 547, 552], "intervals": [0, 19.504285, 1.251515, 5.8e-05, 8.317694]}