{"lengths": [60, 114, 60, 52, 114], "intervals": [0, 0.218348, 0.213796, 0.206976, 0.045099]}