{"lengths": [60, 52, 1360, 1360, 1360], "intervals": [0, 0.216385, 0.019636, 9.2e-05, 0.000403]}