{"lengths": [52, 52, 52, 52, 52], "intervals": [0, 45.235905, 45.216087, 45.21594, 13.849808]}