{"lengths": [50, 50, 50, 50, 50], "intervals": [0, 0.42897, 0.43072, 28.875785, 0.431516]}