{"lengths": [60, 52, 111, 52, 60], "intervals": [0, 0.273756, 0.000843, 0.279324, 0.000641]}