{"lengths": [50, 50, 50, 50, 50], "intervals": [0, 17.059458, 19.83147, 20.19378, 496.322031]}