{"lengths": [45, 45, 45, 45, 0], "intervals": [0, 59.983624, 124.721221, 54.515177, 0]}