{"lengths": [60, 149, 60, 108, 70], "intervals": [0, 0.271137, 0.269244, 0.268563, 0.270784]}