{"lengths": [60, 151, 60, 52, 76], "intervals": [0, 0.237584, 0.235143, 0.201272, 0.098036]}