{"lengths": [49, 49, 49, 49, 49], "intervals": [0, 9.732238, 19.983011, 20.030391, 1009.454696]}