{"lengths": [60, 52, 123, 52, 60], "intervals": [0, 0.302783, 0.001101, 0.297889, 0.000854]}