{"lengths": [60, 52, 143, 52, 64], "intervals": [0, 0.225998, 0.000386, 0.560598, 0.000109]}