{"lengths": [60, 52, 143, 52, 52], "intervals": [0, 0.241742, 0.000144, 0.266343, 0.000113]}