{"lengths": [60, 52, 160, 52, 60], "intervals": [0, 0.219393, 0.000541, 0.24596, 0.000829]}