{"lengths": [52, 52, 52, 52, 52], "intervals": [0, 45.23597, 45.208021, 13.875272, 0.000216]}