{"lengths": [60, 52, 1360, 1360, 1360], "intervals": [0, 0.226125, 0.027126, 5.1e-05, 2.6e-05]}