{"lengths": [54, 54, 54, 54, 54], "intervals": [0, 0.312278, 0.200073, 0.198578, 0.197521]}