{"lengths": [60, 151, 60, 52, 86], "intervals": [0, 0.23646, 0.23378, 0.196216, 0.077005]}