{"lengths": [60, 52, 143, 52, 52], "intervals": [0, 0.228863, 0.000429, 0.250091, 7.1e-05]}