{"lengths": [60, 52, 143, 52, 52], "intervals": [0, 0.227409, 0.000102, 0.248063, 8.4e-05]}