{"lengths": [60, 52, 270, 52, 52], "intervals": [0, 0.217533, 0.000189, 0.228006, 0.000238]}