{"lengths": [49, 45, 49, 471, 45], "intervals": [0, 1.409802, 58.582915, 0.767712, 0.633867]}