{"lengths": [49, 49, 49, 49, 0], "intervals": [0, 13.385651, 19.988102, 19.496528, 0]}