{"lengths": [60, 52, 112, 52, 60], "intervals": [0, 0.256109, 0.000531, 0.261378, 0.000767]}