{"lengths": [60, 161, 60, 116, 70], "intervals": [0, 0.274934, 0.26756, 0.268245, 0.266087]}