{"lengths": [62, 62, 62, 62, 62], "intervals": [0, 851.028247, 6.859914, 53.277188, 449.19727]}