{"lengths": [60, 52, 118, 52, 60], "intervals": [0, 0.229512, 0.003673, 0.303225, 0.00087]}