{"lengths": [50, 50, 50, 50, 0], "intervals": [0, 9.204136, 20.01905, 19.981056, 0]}