{"lengths": [60, 52, 105, 52, 60], "intervals": [0, 0.21452, 0.000709, 0.217667, 0.000775]}