{"lengths": [449, 449, 449, 0, 0], "intervals": [0, 124.722595, 54.514673, 0, 0]}