{"lengths": [60, 1360, 1360, 1360, 546], "intervals": [0, 0.15117, 0.000103, 3.7e-05, 3e-05]}