{"lengths": [60, 52, 143, 52, 52], "intervals": [0, 0.231549, 0.000211, 0.254719, 0.000283]}