{"lengths": [60, 52, 143, 52, 52], "intervals": [0, 0.237025, 0.000427, 0.254954, 0.0001]}