{"lengths": [60, 52, 1360, 1360, 1360], "intervals": [0, 0.240502, 0.017686, 0.000174, 0.000232]}