{"lengths": [60, 52, 153, 52, 60], "intervals": [0, 0.21403, 0.002992, 0.220266, 0.00084]}