{"lengths": [60, 52, 162, 52, 60], "intervals": [0, 0.212259, 0.001931, 0.212949, 0.000508]}