{"lengths": [60, 52, 143, 52, 52], "intervals": [0, 0.221991, 0.000425, 0.233026, 0.000215]}