{"lengths": [60, 158, 60, 52, 106], "intervals": [0, 0.29836, 0.294234, 0.202688, 0.130183]}