{"lengths": [64, 52, 52, 161, 60], "intervals": [0, 0.24328, 3.5e-05, 0.00171, 0.240587]}