{"lengths": [60, 150, 60, 52, 87], "intervals": [0, 0.221086, 0.217404, 0.200981, 0.054532]}