{"lengths": [64, 52, 52, 113, 60], "intervals": [0, 0.207707, 3.4e-05, 2.3e-05, 0.266218]}