{"lengths": [60, 52, 123, 52, 60], "intervals": [0, 0.176567, 0.000892, 0.177234, 0.000522]}