{"lengths": [50, 50, 50, 50, 50], "intervals": [0, 13.039439, 19.659289, 20.359956, 500.363292]}