{"lengths": [56, 56, 56, 56, 56], "intervals": [0, 1.604043, 3.199948, 5.008034, 0.20468]}