{"lengths": [49, 49, 49, 0, 0], "intervals": [0, 10.756515, 19.985862, 0, 0]}