{"lengths": [60, 52, 1360, 1360, 1360], "intervals": [0, 0.234175, 0.01446, 0.000133, 0.000302]}