{"lengths": [60, 52, 52, 62, 143], "intervals": [0, 0.226948, 0.234901, 0.000114, 0.232829]}