{"lengths": [60, 52, 113, 52, 60], "intervals": [0, 0.274841, 0.000871, 0.276888, 0.001087]}