{"lengths": [60, 52, 146, 52, 52], "intervals": [0, 0.132759, 0.009214, 0.136337, 3.4e-05]}