{"lengths": [60, 52, 143, 52, 52], "intervals": [0, 0.228951, 0.000413, 0.235591, 7.2e-05]}