{"lengths": [60, 52, 1360, 1360, 1360], "intervals": [0, 0.228241, 0.020658, 0.000578, 0.000106]}