{"lengths": [60, 52, 1360, 1360, 1360], "intervals": [0, 0.229755, 0.021929, 0.000124, 8.1e-05]}