{"lengths": [52, 1252, 1252, 857, 40], "intervals": [0, 0.141066, 0.000231, 4.3e-05, 0.143478]}