{"lengths": [60, 52, 100, 52, 60], "intervals": [0, 0.160577, 0.00062, 0.164287, 0.000699]}