{"lengths": [60, 40, 358, 40, 40], "intervals": [0, 0.270594, 0.000747, 0.278426, 3.5e-05]}