{"lengths": [60, 52, 1360, 1360, 1360], "intervals": [0, 0.219572, 0.020103, 0.000231, 0.000298]}