{"lengths": [60, 52, 143, 52, 52], "intervals": [0, 0.236319, 0.000243, 0.237445, 7.4e-05]}