{"lengths": [60, 52, 143, 52, 52], "intervals": [0, 0.223291, 0.000353, 0.240734, 0.000143]}