{"lengths": [60, 52, 124, 52, 60], "intervals": [0, 0.159494, 0.000802, 0.16302, 0.000826]}