{"lengths": [60, 162, 60, 52, 91], "intervals": [0, 0.283274, 0.280467, 0.198523, 0.124943]}