{"lengths": [62, 62, 62, 0, 0], "intervals": [0, 857.301664, 503.529524, 0, 0]}