{"lengths": [60, 144, 60, 108, 70], "intervals": [0, 0.282016, 0.277598, 0.279681, 0.27856]}