{"lengths": [60, 52, 119, 52, 60], "intervals": [0, 0.161011, 0.000973, 0.162321, 0.001062]}