{"lengths": [60, 52, 143, 52, 52], "intervals": [0, 0.227867, 0.000238, 0.249036, 5.4e-05]}