{"lengths": [313, 313, 313, 1360, 93], "intervals": [0, 3.022294, 2.979469, 2.008777, 0.000118]}