{"lengths": [60, 1360, 1360, 539, 52], "intervals": [0, 0.160903, 0.0001, 3e-05, 0.248904]}