{"lengths": [60, 85, 52, 101, 1360], "intervals": [0, 0.234904, 0.231959, 0.000763, 0.244288]}