{"lengths": [60, 52, 274, 52, 52], "intervals": [0, 0.136603, 0.000239, 0.145911, 0.0003]}