{"lengths": [60, 52, 143, 52, 52], "intervals": [0, 0.222628, 0.000114, 0.240059, 7.6e-05]}