{"lengths": [60, 52, 52, 62, 143], "intervals": [0, 0.229295, 0.225937, 0.000104, 0.228904]}