{"lengths": [60, 60, 60, 0, 0], "intervals": [0, 1.000573, 2.004397, 0, 0]}