{"lengths": [60, 136, 60, 118, 52], "intervals": [0, 0.136845, 0.132307, 0.171184, 0.326618]}