{"lengths": [52, 52, 52, 52, 52], "intervals": [0, 45.223989, 45.224069, 45.223942, 45.232064]}