{"lengths": [62, 62, 62, 62, 0], "intervals": [0, 503.529529, 2.041012, 4.049269, 0]}