{"lengths": [60, 52, 1360, 1360, 1360], "intervals": [0, 0.233192, 0.018123, 0.000269, 0.000117]}