{"lengths": [60, 123, 94, 52, 66], "intervals": [0, 0.306814, 0.269699, 0.439212, 0.416427]}