{"lengths": [60, 160, 60, 103, 66], "intervals": [0, 0.271586, 0.267849, 0.268313, 0.267909]}