{"lengths": [50, 50, 50, 50, 50], "intervals": [0, 11.227459, 19.815386, 19.687481, 1334.493728]}