{"lengths": [60, 102, 60, 117, 52], "intervals": [0, 0.314986, 0.393349, 0.437616, 0.355468]}