{"lengths": [60, 52, 106, 52, 60], "intervals": [0, 0.266563, 0.000701, 0.267065, 0.000728]}