{"lengths": [60, 151, 60, 113, 70], "intervals": [0, 0.218208, 0.227235, 0.215752, 0.216225]}