{"lengths": [60, 85, 52, 101, 1360], "intervals": [0, 0.224955, 0.221657, 6.8e-05, 0.2367]}