{"lengths": [60, 52, 142, 52, 60], "intervals": [0, 0.270994, 0.000881, 0.27025, 0.000822]}