{"lengths": [60, 52, 132, 52, 60], "intervals": [0, 0.24781, 0.000975, 0.245868, 0.000862]}