{"lengths": [49, 49, 49, 49, 0], "intervals": [0, 15.341853, 19.985718, 19.576639, 0]}