{"lengths": [60, 52, 120, 52, 60], "intervals": [0, 0.16435, 0.00078, 0.165551, 0.002722]}