{"lengths": [60, 52, 143, 52, 52], "intervals": [0, 0.239389, 0.000244, 0.259654, 0.000195]}