{"lengths": [60, 52, 137, 52, 60], "intervals": [0, 0.216781, 0.001026, 0.219972, 0.00122]}