{"lengths": [64, 133, 60, 52, 91], "intervals": [0, 0.166445, 0.161521, 0.159368, 0.03961]}