{"lengths": [50, 50, 50, 50, 50], "intervals": [0, 15.324987, 19.636064, 19.871266, 20.514331]}