{"lengths": [49, 49, 49, 49, 49], "intervals": [0, 5.807926, 19.993795, 20.106913, 1276.640409]}