{"lengths": [60, 52, 143, 52, 52], "intervals": [0, 0.215823, 0.000362, 0.235219, 0.000135]}