{"lengths": [60, 52, 1360, 1360, 1360], "intervals": [0, 0.241884, 0.013522, 0.000108, 0.000102]}