{"lengths": [60, 52, 143, 52, 52], "intervals": [0, 0.231734, 0.000445, 0.25519, 0.000427]}