{"lengths": [60, 106, 60, 52, 110], "intervals": [0, 0.239799, 0.220014, 0.218972, 0.050377]}