{"lengths": [60, 52, 1360, 1360, 1360], "intervals": [0, 0.223653, 0.016394, 0.000359, 9.8e-05]}