{"lengths": [60, 52, 110, 52, 60], "intervals": [0, 0.250367, 0.000716, 0.262021, 0.000846]}