{"lengths": [60, 52, 108, 52, 60], "intervals": [0, 0.21369, 0.000808, 0.218063, 0.000834]}