{"lengths": [60, 52, 144, 52, 60], "intervals": [0, 0.255302, 0.0006, 0.260616, 0.000888]}