{"lengths": [50, 50, 50, 50, 0], "intervals": [0, 9.199973, 20.020288, 19.978095, 0]}