{"lengths": [60, 52, 143, 52, 52], "intervals": [0, 0.22087, 0.000467, 0.245503, 6.9e-05]}