{"lengths": [60, 52, 134, 52, 60], "intervals": [0, 0.419586, 0.000827, 0.139591, 0.000719]}