{"lengths": [60, 52, 569, 52, 239], "intervals": [0, 0.219153, 0.001887, 0.214481, 0.003252]}