{"lengths": [49, 49, 49, 0, 0], "intervals": [0, 11.899203, 63.644405, 0, 0]}