{"lengths": [60, 52, 114, 52, 52], "intervals": [0, 0.134987, 0.085399, 0.136424, 3e-05]}