{"lengths": [60, 52, 1360, 1360, 1350], "intervals": [0, 0.20903, 5.4e-05, 5.8e-05, 0.000124]}