{"lengths": [60, 52, 143, 52, 52], "intervals": [0, 0.22463, 0.000408, 0.238441, 3.2e-05]}