{"lengths": [60, 52, 143, 52, 52], "intervals": [0, 0.232133, 0.000268, 0.235008, 8.2e-05]}