{"lengths": [56, 56, 56, 56, 56], "intervals": [0, 8.703802, 0.229022, 0.401773, 0.842139]}