{"lengths": [60, 52, 154, 52, 60], "intervals": [0, 0.239457, 0.000819, 0.254175, 0.000519]}