{"lengths": [49, 49, 49, 49, 0], "intervals": [0, 7.303683, 19.990533, 19.997539, 0]}