{"lengths": [60, 52, 1360, 1360, 1360], "intervals": [0, 0.226634, 0.011616, 0.000527, 0.000209]}