{"lengths": [52, 52, 52, 52, 115], "intervals": [0, 45.215325, 45.215088, 45.216564, 13.630908]}