{"lengths": [60, 52, 201, 108, 94], "intervals": [0, 0.220207, 0.001745, 0.210408, 2.4e-05]}