{"lengths": [60, 52, 121, 52, 60], "intervals": [0, 0.391804, 0.001001, 0.311409, 0.000767]}