{"lengths": [60, 52, 205, 108, 94], "intervals": [0, 0.216037, 0.000375, 0.215478, 0.000104]}