{"lengths": [52, 52, 52, 115, 52], "intervals": [0, 45.208554, 45.214195, 13.657864, 0.000129]}