{"lengths": [313, 313, 313, 313, 313], "intervals": [0, 3.000986, 3.001495, 2.995344, 3.01156]}