{"lengths": [60, 154, 60, 52, 124], "intervals": [0, 0.303147, 0.292991, 0.202984, 0.12916]}