{"lengths": [50, 50, 50, 50, 50], "intervals": [0, 2.470948, 19.988929, 19.990915, 844.311011]}