{"lengths": [49, 49, 49, 49, 0], "intervals": [0, 16.988958, 19.875846, 20.041583, 0]}