{"lengths": [60, 52, 158, 52, 60], "intervals": [0, 0.284247, 0.000592, 0.284833, 0.000811]}