{"lengths": [52, 40, 96, 40, 40], "intervals": [0, 0.138444, 3.8e-05, 0.170419, 0.140651]}