{"lengths": [60, 52, 156, 52, 60], "intervals": [0, 0.134144, 0.005831, 0.135465, 0.00186]}