{"lengths": [63, 63, 72, 0, 0], "intervals": [0, 60.003279, 122.498962, 0, 0]}