{"lengths": [937, 153, 937, 153, 809], "intervals": [0, 8.7e-05, 30.154738, 0.192399, 13.872196]}