{"lengths": [60, 52, 114, 52, 52], "intervals": [0, 0.132357, 0.820817, 0.168979, 5.9e-05]}