{"lengths": [60, 52, 146, 52, 52], "intervals": [0, 0.135513, 0.005609, 0.148396, 3.8e-05]}