{"lengths": [72, 72, 82, 82, 56], "intervals": [0, 0.336606, 0.907992, 0.540836, 9.720216]}