{"lengths": [60, 60, 60, 0, 0], "intervals": [0, 0.998375, 2.00418, 0, 0]}