{"lengths": [60, 52, 1360, 1360, 1352], "intervals": [0, 0.222777, 0.005426, 0.000247, 0.000263]}