{"lengths": [56, 56, 56, 56, 56], "intervals": [0, 1.649467, 3.208836, 4.95344, 0.230466]}