{"lengths": [49, 49, 49, 49, 0], "intervals": [0, 2.273478, 19.962043, 20.018247, 0]}