{"lengths": [52, 40, 40, 101, 40], "intervals": [0, 0.137882, 0.000499, 2.3e-05, 0.172016]}