{"lengths": [60, 52, 149, 52, 60], "intervals": [0, 0.15761, 0.000805, 0.160017, 0.000775]}