{"lengths": [62, 62, 62, 0, 0], "intervals": [0, 856.885816, 503.473718, 0, 0]}