{"lengths": [60, 52, 1360, 1360, 226], "intervals": [0, 0.222189, 0.338827, 0.000118, 4.9e-05]}