{"lengths": [60, 52, 1360, 1360, 1360], "intervals": [0, 0.239005, 0.015909, 0.000263, 0.000272]}