{"lengths": [52, 136, 52, 136, 52], "intervals": [0, 0.003381, 0.230506, 0.052694, 0.233281]}