{"lengths": [60, 52, 1360, 1360, 1347], "intervals": [0, 0.252783, 0.000444, 0.000172, 0.000106]}