{"lengths": [60, 52, 1360, 1360, 1360], "intervals": [0, 0.225857, 0.017971, 0.000101, 0.000165]}