{"lengths": [60, 139, 60, 102, 52], "intervals": [0, 0.183579, 0.139459, 0.16841, 0.338706]}