{"lengths": [60, 121, 60, 52, 115], "intervals": [0, 0.267766, 0.267617, 0.201408, 0.109881]}