{"lengths": [60, 52, 376, 52, 52], "intervals": [0, 0.124203, 0.001728, 0.152251, 5.1e-05]}