{"lengths": [56, 1360, 204, 1360, 619], "intervals": [0, 0.221824, 6.6e-05, 0.138272, 4.9e-05]}