{"lengths": [60, 52, 127, 52, 60], "intervals": [0, 0.282621, 0.001027, 0.292826, 0.000573]}