{"lengths": [126, 126, 126, 126, 126], "intervals": [0, 0.180828, 0.182006, 29.42396, 0.129602]}