{"lengths": [60, 52, 266, 52, 52], "intervals": [0, 0.209973, 0.000248, 0.210133, 0.000132]}