{"lengths": [60, 52, 1360, 1177, 52], "intervals": [0, 0.179838, 0.679458, 8.5e-05, 0.128181]}