{"lengths": [60, 52, 143, 52, 52], "intervals": [0, 0.218009, 0.000429, 0.240472, 0.000698]}