{"lengths": [60, 52, 143, 52, 52], "intervals": [0, 0.222798, 0.000184, 0.23552, 3.2e-05]}