{"lengths": [62, 62, 62, 0, 0], "intervals": [0, 857.244357, 502.738136, 0, 0]}