{"lengths": [50, 50, 50, 50, 50], "intervals": [0, 7.972598, 20.034004, 19.970938, 1272.415653]}