{"lengths": [60, 1360, 1360, 539, 52], "intervals": [0, 0.152413, 0.001846, 3.8e-05, 0.317786]}