{"lengths": [145, 145, 145, 145, 0], "intervals": [0, 60.569981, 121.974818, 56.922935, 0]}