{"lengths": [60, 52, 104, 52, 60], "intervals": [0, 0.220081, 0.00087, 0.208816, 0.003025]}