{"lengths": [60, 52, 119, 52, 60], "intervals": [0, 0.292707, 0.000573, 0.29781, 0.000522]}