{"lengths": [49, 49, 49, 49, 49], "intervals": [0, 18.720727, 20.369842, 375.588886, 16.674217]}