{"lengths": [60, 52, 1360, 1360, 1360], "intervals": [0, 0.228774, 0.008913, 7.8e-05, 7.5e-05]}