{"lengths": [49, 49, 49, 49, 0], "intervals": [0, 2.271476, 19.964155, 20.02179, 0]}