{"lengths": [60, 52, 128, 52, 60], "intervals": [0, 0.210965, 0.000846, 0.215521, 0.000915]}