{"lengths": [60, 52, 143, 52, 52], "intervals": [0, 0.220268, 0.000204, 0.239869, 0.000341]}