{"lengths": [60, 52, 143, 52, 64], "intervals": [0, 0.230186, 0.000131, 0.246611, 0.000118]}