{"lengths": [60, 122, 60, 52, 89], "intervals": [0, 0.233546, 0.227052, 0.055581, 0.213736]}