{"lengths": [60, 40, 243, 40, 40], "intervals": [0, 0.142565, 0.000523, 0.140623, 8.9e-05]}