{"lengths": [1378, 1378, 467, 1378, 666], "intervals": [0, 0.212536, 0.000149, 3.5e-05, 1e-05]}