{"lengths": [60, 52, 274, 52, 52], "intervals": [0, 0.129603, 0.000254, 0.137589, 0.000256]}