{"lengths": [50, 50, 50, 50, 0], "intervals": [0, 9.660076, 19.962048, 20.018206, 0]}