{"lengths": [60, 52, 1360, 1360, 1360], "intervals": [0, 0.236387, 0.014148, 9.5e-05, 5.7e-05]}