{"lengths": [60, 52, 146, 52, 60], "intervals": [0, 0.244388, 0.00123, 0.23834, 0.0008]}