{"lengths": [60, 1360, 1360, 1360, 546], "intervals": [0, 0.146626, 7.9e-05, 0.001138, 3.7e-05]}