{"lengths": [49, 49, 547, 547, 547], "intervals": [0, 15.951074, 8.181145, 0.715807, 0.814417]}