{"lengths": [60, 52, 367, 52, 52], "intervals": [0, 0.131561, 0.000656, 0.132182, 7e-05]}