{"lengths": [64, 52, 52, 117, 52], "intervals": [0, 0.138221, 0.028274, 0.000906, 0.152905]}