{"lengths": [60, 52, 132, 52, 60], "intervals": [0, 0.13213, 0.00081, 0.135995, 0.000535]}