{"lengths": [60, 52, 143, 52, 52], "intervals": [0, 0.220475, 0.000219, 0.241942, 3.7e-05]}