{"lengths": [60, 52, 160, 52, 60], "intervals": [0, 0.270155, 0.00095, 0.270249, 0.000944]}