{"lengths": [126, 126, 126, 126, 126], "intervals": [0, 0.180943, 0.185938, 29.42049, 0.129008]}