{"lengths": [60, 52, 1360, 1360, 1360], "intervals": [0, 0.229382, 0.017916, 0.000493, 0.000159]}