{"lengths": [136, 121, 136, 121, 136], "intervals": [0, 0.878772, 14.112713, 0.867801, 14.073664]}