{"lengths": [60, 52, 143, 52, 52], "intervals": [0, 0.242291, 0.000194, 0.257936, 0.000219]}