{"lengths": [49, 49, 49, 49, 0], "intervals": [0, 2.79259, 20.17276, 19.391268, 0]}