{"lengths": [60, 1360, 1360, 539, 52], "intervals": [0, 0.219628, 0.000143, 4.2e-05, 0.263429]}