{"lengths": [60, 152, 60, 52, 78], "intervals": [0, 0.260119, 0.256745, 0.197982, 0.113806]}