{"lengths": [60, 52, 158, 52, 60], "intervals": [0, 0.136303, 0.001944, 0.181598, 0.002307]}