{"lengths": [63, 63, 63, 63, 0], "intervals": [0, 534.297977, 381.466952, 117.799973, 0]}