{"lengths": [50, 50, 50, 50, 0], "intervals": [0, 1.673754, 20.018702, 20.019338, 0]}