{"lengths": [49, 87, 411, 399, 133], "intervals": [0, 3.439513, 0.000424, 0.120669, 0.0004]}