{"lengths": [60, 52, 122, 52, 60], "intervals": [0, 0.292871, 0.000614, 0.294827, 0.000875]}