{"lengths": [60, 52, 132, 52, 60], "intervals": [0, 0.189384, 0.000623, 0.191223, 0.004274]}