{"lengths": [60, 52, 1360, 1360, 1360], "intervals": [0, 0.218547, 0.018342, 9.4e-05, 0.000228]}