{"lengths": [60, 52, 103, 52, 60], "intervals": [0, 0.230815, 0.001028, 0.229353, 0.000839]}