{"lengths": [50, 50, 50, 50, 50], "intervals": [0, 12.498874, 20.001167, 19.989637, 939.438026]}