{"lengths": [60, 118, 60, 52, 84], "intervals": [0, 0.30051, 0.294494, 0.196289, 0.15748]}