{"lengths": [52, 52, 52, 52, 52], "intervals": [0, 45.228046, 45.223933, 45.228071, 45.224002]}