{"lengths": [60, 52, 133, 52, 60], "intervals": [0, 0.269509, 0.000662, 0.264958, 0.000833]}