{"lengths": [50, 57, 49, 0, 0], "intervals": [0, 0.550508, 0.661145, 0, 0]}