{"lengths": [1378, 445, 65, 212, 68], "intervals": [0, 0.000147, 0.215216, 0.212156, 0.216449]}