{"lengths": [60, 52, 111, 60, 84], "intervals": [0, 0.134253, 3.4e-05, 0.141667, 0.134451]}