{"lengths": [52, 52, 52, 52, 115], "intervals": [0, 45.210955, 45.206439, 45.217009, 13.674337]}