{"lengths": [49, 49, 49, 49, 0], "intervals": [0, 2.793284, 19.985723, 19.57664, 0]}