{"lengths": [49, 49, 49, 49, 0], "intervals": [0, 16.98839, 19.874944, 20.043279, 0]}