{"lengths": [60, 110, 60, 52, 85], "intervals": [0, 0.2984, 0.293489, 0.201217, 0.161498]}