{"lengths": [52, 52, 52, 52, 52], "intervals": [0, 45.223978, 45.224021, 45.247905, 45.232034]}