{"lengths": [60, 52, 52, 62, 143], "intervals": [0, 0.223731, 0.224943, 0.000229, 0.221888]}