{"lengths": [50, 50, 50, 50, 50], "intervals": [0, 10.987647, 19.816598, 19.68911, 1271.659328]}