{"lengths": [54, 54, 54, 54, 54], "intervals": [0, 0.286943, 0.208116, 0.207005, 0.230803]}