{"lengths": [49, 49, 49, 0, 0], "intervals": [0, 10.758967, 19.982182, 0, 0]}