{"lengths": [45, 45, 45, 45, 0], "intervals": [0, 59.988837, 124.717208, 54.504838, 0]}