{"lengths": [56, 144, 60, 52, 110], "intervals": [0, 0.239585, 0.236478, 0.193449, 0.082234]}