{"lengths": [56, 120, 52, 55, 102], "intervals": [0, 0.316675, 0.279462, 0.279038, 0.313413]}