{"lengths": [60, 52, 1360, 1177, 290], "intervals": [0, 0.127457, 0.002739, 6.9e-05, 0.1311]}