{"lengths": [60, 52, 376, 52, 52], "intervals": [0, 0.126835, 0.001145, 0.858112, 7.1e-05]}