{"lengths": [60, 52, 569, 52, 239], "intervals": [0, 0.212205, 0.000208, 0.21245, 0.004934]}