{"lengths": [60, 52, 106, 52, 60], "intervals": [0, 0.228246, 0.000906, 0.238818, 0.000833]}