{"lengths": [60, 52, 52, 95, 692], "intervals": [0, 0.241624, 0.238008, 0.0003, 3.5e-05]}