{"lengths": [60, 52, 1360, 1360, 1360], "intervals": [0, 0.225885, 0.020208, 0.000444, 0.000644]}