{"lengths": [60, 52, 1360, 1360, 1360], "intervals": [0, 0.222243, 0.017693, 0.000503, 3.7e-05]}