{"lengths": [49, 49, 49, 49, 0], "intervals": [0, 14.277386, 19.989818, 20.025701, 0]}