{"lengths": [60, 433, 52, 0, 0], "intervals": [0, 0.145319, 2.514138, 0, 0]}