{"lengths": [60, 40, 480, 40, 40], "intervals": [0, 0.125467, 0.00027, 0.1299, 4.9e-05]}