{"lengths": [60, 40, 358, 40, 40], "intervals": [0, 0.284995, 0.003462, 0.282042, 3.4e-05]}