{"lengths": [60, 52, 1360, 1360, 1360], "intervals": [0, 0.233629, 0.016891, 9.6e-05, 7.7e-05]}