{"lengths": [54, 443, 52, 443, 52], "intervals": [0, 0.314129, 0.268984, 59.11896, 0.270472]}