{"lengths": [60, 52, 1360, 1360, 1360], "intervals": [0, 0.134767, 0.000848, 6.5e-05, 5.4e-05]}