{"lengths": [60, 60, 60, 0, 0], "intervals": [0, 0.998138, 2.002129, 0, 0]}