{"lengths": [60, 52, 145, 52, 60], "intervals": [0, 0.234196, 0.000759, 0.251437, 0.000843]}