{"lengths": [60, 52, 143, 52, 52], "intervals": [0, 0.219592, 0.000372, 0.239282, 0.000222]}