{"lengths": [60, 52, 104, 52, 60], "intervals": [0, 0.335822, 0.000703, 0.261583, 0.000597]}