{"lengths": [60, 52, 111, 52, 60], "intervals": [0, 0.403119, 0.001255, 0.313702, 0.001097]}