{"lengths": [60, 52, 143, 52, 52], "intervals": [0, 0.222214, 0.000138, 0.242341, 0.001104]}