{"lengths": [60, 1360, 1360, 1360, 546], "intervals": [0, 0.20593, 0.000105, 3.4e-05, 7.8e-05]}