{"lengths": [50, 50, 50, 50, 0], "intervals": [0, 7.003604, 20.017814, 324.413124, 0]}