{"lengths": [60, 52, 119, 52, 60], "intervals": [0, 0.282374, 0.000744, 0.280537, 0.00064]}