{"lengths": [60, 52, 143, 52, 52], "intervals": [0, 0.250127, 0.000158, 0.23624, 5.6e-05]}