{"lengths": [60, 52, 145, 52, 60], "intervals": [0, 0.234087, 0.000838, 0.239694, 0.000571]}