{"lengths": [54, 54, 54, 54, 54], "intervals": [0, 0.32754, 0.231608, 0.232342, 0.230471]}