{"lengths": [49, 471, 96, 104, 96], "intervals": [0, 0.002334, 1.138695, 4.9e-05, 1.9e-05]}