{"lengths": [60, 52, 114, 52, 52], "intervals": [0, 0.14149, 0.006944, 0.137079, 4.1e-05]}