{"lengths": [60, 1360, 1360, 539, 52], "intervals": [0, 0.636234, 7.5e-05, 3.1e-05, 0.210829]}