{"lengths": [60, 52, 1360, 1360, 1360], "intervals": [0, 0.224177, 0.009298, 0.000218, 0.000727]}