{"lengths": [474, 474, 474, 0, 0], "intervals": [0, 857.244941, 502.74406, 0, 0]}