{"lengths": [120, 52, 104, 152, 52], "intervals": [0, 0.238434, 0.000148, 0.240018, 0.231889]}