{"lengths": [60, 52, 350, 52, 52], "intervals": [0, 0.124671, 0.001092, 0.130391, 0.000196]}