{"lengths": [49, 49, 49, 49, 0], "intervals": [0, 7.306296, 19.989724, 20.009778, 0]}