{"lengths": [60, 52, 125, 52, 60], "intervals": [0, 0.23592, 0.000822, 0.244153, 0.001345]}