{"lengths": [60, 52, 146, 52, 60], "intervals": [0, 0.210312, 0.000857, 0.208079, 0.000802]}