{"lengths": [60, 52, 1360, 1360, 1360], "intervals": [0, 0.219997, 0.022432, 0.000316, 0.000944]}