{"lengths": [60, 154, 60, 52, 104], "intervals": [0, 0.223353, 0.209891, 0.197262, 0.05028]}