{"lengths": [60, 40, 145, 40, 48], "intervals": [0, 0.136784, 0.001216, 0.138062, 0.000683]}