{"lengths": [703, 39, 39, 39, 39], "intervals": [0, 329.589597, 53.187575, 1.511808, 0.551031]}