{"lengths": [60, 52, 420, 52, 40], "intervals": [0, 0.280767, 0.025932, 0.994724, 0.037283]}