{"lengths": [60, 52, 234, 52, 52], "intervals": [0, 0.276752, 0.000153, 0.281568, 0.00026]}