{"lengths": [60, 52, 401, 52, 52], "intervals": [0, 0.27887, 0.000197, 0.280831, 0.040358]}