{"lengths": [60, 52, 447, 1360, 1360], "intervals": [0, 0.264538, 2.4e-05, 0.001075, 0.000497]}