{"lengths": [60, 52, 398, 1360, 1360], "intervals": [0, 0.274651, 0.000198, 0.015738, 3.3e-05]}