{"lengths": [60, 52, 444, 1360, 1360], "intervals": [0, 0.309634, 0.001632, 0.268852, 0.000324]}