{"lengths": [60, 52, 421, 1360, 1360], "intervals": [0, 0.291553, 0.001016, 0.022939, 5.7e-05]}