{"lengths": [60, 52, 419, 1360, 1360], "intervals": [0, 0.271364, 2.7e-05, 0.000163, 3.2e-05]}