{"lengths": [60, 52, 232, 52, 52], "intervals": [0, 0.271326, 0.000167, 0.270896, 0.018081]}