{"lengths": [60, 52, 234, 52, 52], "intervals": [0, 0.27504, 0.002442, 0.278793, 0.00019]}