{"lengths": [60, 52, 275, 52, 52], "intervals": [0, 0.274765, 0.000222, 0.273249, 0.003993]}