{"lengths": [60, 52, 235, 52, 52], "intervals": [0, 0.270654, 0.000536, 0.268756, 0.007216]}