{"lengths": [60, 52, 449, 1360, 1360], "intervals": [0, 0.26759, 0.000667, 3.1e-05, 0.000172]}