{"lengths": [60, 52, 394, 52, 52], "intervals": [0, 0.267426, 0.000117, 0.269317, 0.038287]}