{"lengths": [125, 125, 86, 0, 0], "intervals": [0, 17.464647, 0.147589, 0, 0]}