{"lengths": [60, 52, 202, 52, 52], "intervals": [0, 0.283874, 0.000226, 8.4e-05, 0.848584]}