{"lengths": [86, 125, 122, 0, 0], "intervals": [0, 22.076216, 21.11134, 0, 0]}