{"lengths": [60, 52, 448, 1360, 1360], "intervals": [0, 0.269272, 4.1e-05, 0.007207, 9.8e-05]}