{"lengths": [60, 52, 239, 52, 52], "intervals": [0, 0.278972, 0.000184, 0.281253, 0.000891]}