{"lengths": [60, 52, 415, 1360, 1360], "intervals": [0, 0.271526, 0.003045, 3.4e-05, 3.3e-05]}