{"lengths": [60, 52, 275, 52, 52], "intervals": [0, 0.271904, 0.177645, 0.272073, 0.016277]}