{"lengths": [60, 52, 447, 1360, 1360], "intervals": [0, 0.268257, 0.000789, 0.000126, 3.4e-05]}