{"lengths": [60, 52, 352, 52, 52], "intervals": [0, 0.274325, 8.6e-05, 0.30891, 0.116468]}