{"lengths": [60, 52, 414, 1360, 1360], "intervals": [0, 0.270626, 0.023909, 0.022002, 0.000351]}