{"lengths": [60, 52, 241, 52, 52], "intervals": [0, 0.273205, 0.000179, 0.267803, 0.000303]}