{"lengths": [60, 52, 232, 52, 52], "intervals": [0, 0.273057, 0.000161, 0.26809, 0.01251]}