{"lengths": [60, 52, 449, 1360, 1360], "intervals": [0, 0.271072, 3.3e-05, 0.011209, 5.5e-05]}