{"lengths": [60, 52, 192, 52, 52], "intervals": [0, 0.269348, 0.000162, 0.268601, 7.9e-05]}