{"lengths": [60, 52, 400, 52, 52], "intervals": [0, 0.283011, 0.002347, 0.283713, 0.036978]}