{"lengths": [60, 52, 202, 52, 52], "intervals": [0, 0.269437, 2.5e-05, 2.4e-05, 0.861477]}