{"lengths": [60, 52, 424, 1360, 1360], "intervals": [0, 0.273078, 0.100003, 0.002925, 0.00032]}