{"lengths": [30, 30, 30, 30, 30], "intervals": [0, 8.349356, 0.333675, 0.334347, 0.334151]}