{"lengths": [60, 52, 448, 1360, 1360], "intervals": [0, 0.271289, 0.002171, 0.001629, 0.000248]}