{"lengths": [60, 52, 447, 1360, 1360], "intervals": [0, 0.279342, 6.7e-05, 0.008296, 5.2e-05]}