{"lengths": [60, 52, 257, 52, 52], "intervals": [0, 0.271797, 0.000125, 0.271566, 0.039598]}