{"lengths": [60, 52, 448, 1360, 1360], "intervals": [0, 0.282031, 3.9e-05, 0.000514, 5.3e-05]}