{"lengths": [60, 52, 405, 52, 52], "intervals": [0, 0.270775, 0.001337, 0.271362, 0.037772]}