{"lengths": [60, 52, 235, 52, 52], "intervals": [0, 0.269054, 0.000295, 0.268558, 0.013704]}