{"lengths": [86, 125, 122, 0, 0], "intervals": [0, 5.661993, 7.718175, 0, 0]}