{"lengths": [60, 52, 350, 52, 52], "intervals": [0, 0.272666, 0.000129, 0.381398, 0.031067]}