{"lengths": [86, 305, 305, 86, 86], "intervals": [0, 2.247791, 10.80695, 38.601984, 98.679329]}