{"lengths": [60, 52, 449, 1360, 1360], "intervals": [0, 0.269888, 0.000418, 0.006328, 0.000458]}