{"lengths": [60, 52, 421, 1360, 1360], "intervals": [0, 0.294336, 6.1e-05, 0.018634, 3.2e-05]}