{"lengths": [60, 52, 421, 1360, 1360], "intervals": [0, 0.269161, 2.8e-05, 0.002463, 0.000168]}