{"lengths": [60, 52, 316, 52, 52], "intervals": [0, 0.266763, 0.553036, 0.270512, 8.5e-05]}