{"lengths": [60, 52, 407, 1360, 1360], "intervals": [0, 0.447694, 0.066184, 0.029679, 0.001221]}