{"lengths": [60, 52, 275, 52, 52], "intervals": [0, 0.271579, 0.000173, 0.271027, 0.033821]}