{"lengths": [60, 52, 275, 52, 64], "intervals": [0, 0.271262, 0.035963, 0.275297, 0.268852]}