{"lengths": [60, 52, 406, 1360, 1360], "intervals": [0, 0.448415, 0.032488, 0.021628, 0.000229]}