{"lengths": [60, 52, 234, 52, 52], "intervals": [0, 0.2709, 0.000629, 0.268292, 0.001101]}