{"lengths": [60, 52, 275, 52, 52], "intervals": [0, 0.279565, 0.000116, 0.280478, 0.010807]}