{"lengths": [60, 52, 412, 1360, 1360], "intervals": [0, 0.270882, 8.2e-05, 0.038633, 5.2e-05]}