{"lengths": [60, 52, 260, 52, 52], "intervals": [0, 0.268278, 0.000131, 0.27081, 0.038641]}