{"lengths": [60, 52, 419, 1360, 1360], "intervals": [0, 0.263849, 6e-05, 0.001628, 0.000879]}