{"lengths": [48, 48, 192, 48, 652], "intervals": [0, 0.497688, 0.010025, 1.040408, 0.000742]}