{"lengths": [60, 52, 444, 1360, 1360], "intervals": [0, 0.268637, 0.000522, 0.017276, 7.4e-05]}