{"lengths": [60, 52, 262, 52, 52], "intervals": [0, 0.271678, 5.9e-05, 0.297962, 0.079382]}