{"lengths": [60, 52, 234, 52, 52], "intervals": [0, 0.26892, 0.000106, 0.276007, 0.011951]}