{"lengths": [60, 52, 448, 1360, 1360], "intervals": [0, 0.279275, 0.00023, 0.011958, 0.000254]}