{"lengths": [60, 52, 404, 52, 52], "intervals": [0, 0.27189, 0.03007, 0.272252, 0.039828]}