{"lengths": [322, 322, 305, 0, 0], "intervals": [0, 24.011797, 29.47137, 0, 0]}