{"lengths": [60, 52, 419, 1360, 1360], "intervals": [0, 0.272077, 0.000291, 0.006808, 0.000595]}