{"lengths": [60, 52, 401, 52, 52], "intervals": [0, 0.268557, 6.4e-05, 0.267855, 0.037726]}