{"lengths": [60, 52, 260, 52, 52], "intervals": [0, 0.28762, 0.000614, 0.294127, 0.001626]}