{"lengths": [60, 52, 209, 52, 52], "intervals": [0, 0.268245, 0.000113, 0.308535, 1.005152]}