{"lengths": [60, 52, 440, 1360, 1360], "intervals": [0, 0.453486, 0.023895, 0.00917, 8.3e-05]}