{"lengths": [60, 52, 407, 1360, 1360], "intervals": [0, 0.272449, 0.032468, 0.067275, 0.000508]}