{"lengths": [60, 52, 421, 1360, 1360], "intervals": [0, 0.268359, 0.001892, 0.013513, 0.003758]}