{"lengths": [60, 52, 1360, 1360, 1360], "intervals": [0, 0.29564, 0.000531, 0.000222, 5.9e-05]}