{"lengths": [60, 52, 238, 52, 52], "intervals": [0, 0.268797, 0.000185, 0.267181, 0.001559]}