{"lengths": [60, 52, 234, 52, 52], "intervals": [0, 0.27453, 0.000118, 0.283909, 3.3e-05]}