{"lengths": [60, 52, 235, 52, 52], "intervals": [0, 0.27677, 0.000157, 0.27103, 0.020202]}