{"lengths": [60, 52, 448, 1360, 1360], "intervals": [0, 0.405174, 0.000255, 0.00103, 5.3e-05]}