{"lengths": [60, 52, 410, 1360, 1360], "intervals": [0, 0.265369, 0.024382, 0.014504, 0.001355]}