{"lengths": [60, 52, 447, 1360, 1360], "intervals": [0, 0.266238, 2.5e-05, 0.000439, 0.00048]}