{"lengths": [60, 52, 449, 1360, 1360], "intervals": [0, 0.277534, 2.7e-05, 3.2e-05, 0.000896]}