{"lengths": [60, 52, 263, 52, 52], "intervals": [0, 0.27609, 0.000917, 0.268227, 0.002462]}