{"lengths": [60, 52, 402, 52, 52], "intervals": [0, 0.26579, 0.000362, 0.266189, 0.041028]}