{"lengths": [60, 52, 444, 1360, 1360], "intervals": [0, 0.271901, 0.000125, 0.011314, 3.4e-05]}