{"lengths": [60, 52, 275, 52, 52], "intervals": [0, 0.268411, 0.000558, 0.268573, 0.017287]}