{"lengths": [60, 52, 279, 52, 52], "intervals": [0, 0.267194, 0.000136, 0.267764, 0.022326]}