{"lengths": [60, 52, 444, 1360, 1360], "intervals": [0, 0.28363, 2.6e-05, 0.018913, 0.000177]}