{"lengths": [60, 52, 393, 111, 437], "intervals": [0, 0.271749, 0.0002, 0.009311, 0.302257]}