{"lengths": [60, 52, 447, 1360, 1360], "intervals": [0, 0.267494, 0.001966, 0.03309, 0.000521]}