{"lengths": [60, 52, 261, 52, 52], "intervals": [0, 0.269033, 0.000241, 0.270331, 0.011316]}