{"lengths": [60, 52, 241, 52, 52], "intervals": [0, 0.269788, 0.000185, 0.270053, 0.013517]}