{"lengths": [98, 347, 317, 0, 0], "intervals": [0, 7.568232, 109.095579, 0, 0]}