{"lengths": [60, 52, 421, 1360, 1360], "intervals": [0, 0.277616, 0.000194, 0.003567, 0.001173]}