{"lengths": [60, 52, 251, 52, 52], "intervals": [0, 0.30413, 0.00013, 0.279262, 1.044479]}