{"lengths": [60, 52, 449, 1360, 1360], "intervals": [0, 0.448687, 0.017289, 0.006028, 0.000528]}