{"lengths": [60, 52, 444, 1360, 1360], "intervals": [0, 0.267982, 0.000289, 0.012485, 0.000816]}