{"lengths": [60, 52, 450, 1360, 1360], "intervals": [0, 0.277995, 2.6e-05, 0.006675, 5.2e-05]}