{"lengths": [60, 52, 444, 1360, 1360], "intervals": [0, 0.280672, 0.000147, 0.032807, 3.6e-05]}