{"lengths": [60, 52, 402, 99, 52], "intervals": [0, 0.285692, 0.003572, 0.031457, 0.963582]}