{"lengths": [60, 52, 410, 52, 52], "intervals": [0, 0.26894, 0.016151, 1.000157, 1.833171]}