{"lengths": [60, 52, 234, 52, 52], "intervals": [0, 0.272714, 0.000396, 0.269844, 0.006335]}