{"lengths": [60, 52, 442, 1360, 1360], "intervals": [0, 0.262838, 2.6e-05, 0.000534, 0.00011]}