{"lengths": [60, 52, 235, 52, 52], "intervals": [0, 0.269197, 8.1e-05, 5.6e-05, 6.721279]}