{"lengths": [60, 52, 444, 1360, 1360], "intervals": [0, 0.274011, 7.7e-05, 0.004251, 3.3e-05]}