{"lengths": [60, 52, 449, 1360, 1360], "intervals": [0, 0.275573, 3.4e-05, 0.014185, 0.002405]}