{"lengths": [60, 52, 261, 52, 52], "intervals": [0, 0.27369, 0.00043, 0.270419, 0.023857]}