{"lengths": [60, 52, 444, 1360, 1360], "intervals": [0, 0.268847, 0.000219, 0.000398, 6.7e-05]}