{"lengths": [60, 52, 253, 52, 52], "intervals": [0, 0.273719, 0.000659, 0.273883, 3.3e-05]}