{"lengths": [60, 52, 316, 52, 52], "intervals": [0, 0.266122, 0.614189, 0.268531, 3.6e-05]}