{"lengths": [60, 52, 239, 52, 52], "intervals": [0, 0.288144, 0.000134, 0.288582, 0.012547]}