{"lengths": [60, 52, 220, 52, 52], "intervals": [0, 0.272372, 0.000111, 0.302281, 1.007327]}