{"lengths": [60, 52, 446, 1360, 1360], "intervals": [0, 0.292101, 0.000175, 0.001443, 0.0007]}