{"lengths": [60, 52, 234, 52, 52], "intervals": [0, 0.265892, 0.000155, 0.264826, 3.2e-05]}