{"lengths": [60, 52, 234, 52, 52], "intervals": [0, 0.269891, 7.1e-05, 0.293436, 0.009173]}