{"lengths": [60, 52, 235, 52, 52], "intervals": [0, 0.270575, 4.1e-05, 3.2e-05, 6.721179]}