{"lengths": [60, 52, 232, 52, 52], "intervals": [0, 0.270303, 7.8e-05, 0.269532, 0.056423]}