{"lengths": [60, 52, 448, 1360, 1360], "intervals": [0, 0.27864, 0.000118, 0.007579, 0.000102]}