{"lengths": [60, 52, 263, 52, 52], "intervals": [0, 0.281875, 0.000201, 0.280132, 0.00024]}