{"lengths": [60, 52, 241, 52, 52], "intervals": [0, 0.266912, 0.000161, 0.266679, 0.008003]}