{"lengths": [60, 52, 234, 52, 52], "intervals": [0, 0.273346, 0.000174, 0.271977, 0.007898]}