{"lengths": [60, 52, 263, 64, 64], "intervals": [0, 0.274945, 0.000266, 0.283484, 0.000192]}