{"lengths": [60, 52, 447, 1360, 1360], "intervals": [0, 0.283877, 0.000212, 0.025369, 0.001957]}