{"lengths": [60, 52, 202, 52, 52], "intervals": [0, 0.267856, 8.8e-05, 2.4e-05, 1.875339]}