{"lengths": [60, 52, 223, 52, 52], "intervals": [0, 0.279502, 0.000138, 0.286338, 3.2e-05]}