{"lengths": [60, 52, 395, 695, 52], "intervals": [0, 0.267101, 0.024602, 0.800465, 0.174999]}