{"lengths": [60, 52, 128, 52, 52], "intervals": [0, 0.271688, 4.6e-05, 5.9e-05, 15.76046]}