{"lengths": [60, 52, 447, 1360, 1360], "intervals": [0, 0.281712, 3.8e-05, 0.000266, 3.4e-05]}