{"lengths": [60, 52, 449, 1360, 1360], "intervals": [0, 0.272493, 2.6e-05, 0.009434, 3.8e-05]}