{"lengths": [60, 52, 421, 1360, 1360], "intervals": [0, 0.284512, 4.8e-05, 0.005718, 0.000347]}