{"lengths": [60, 52, 263, 52, 52], "intervals": [0, 0.27994, 0.000381, 0.278446, 3.5e-05]}