{"lengths": [153, 153, 153, 0, 0], "intervals": [0, 52.403071, 17.470405, 0, 0]}