{"lengths": [60, 52, 274, 52, 52], "intervals": [0, 0.273126, 0.000111, 0.275563, 0.030624]}