{"lengths": [60, 52, 230, 52, 52], "intervals": [0, 0.276751, 0.000149, 0.267524, 0.000939]}