{"lengths": [60, 52, 447, 1360, 1360], "intervals": [0, 0.266302, 0.001491, 0.00072, 8e-05]}