{"lengths": [60, 52, 235, 52, 52], "intervals": [0, 0.275439, 0.00208, 0.275023, 0.001166]}