{"lengths": [60, 52, 235, 52, 52], "intervals": [0, 0.276107, 0.002318, 0.276427, 0.007592]}