{"lengths": [60, 52, 316, 52, 52], "intervals": [0, 0.268842, 0.673022, 0.272215, 3.4e-05]}