{"lengths": [60, 52, 449, 1360, 1360], "intervals": [0, 0.270903, 0.000314, 5.6e-05, 3.4e-05]}