{"lengths": [60, 52, 261, 52, 52], "intervals": [0, 0.26915, 0.00034, 0.271008, 0.000161]}