{"lengths": [60, 52, 444, 1360, 1360], "intervals": [0, 0.267899, 4e-05, 0.022316, 6.4e-05]}