{"lengths": [60, 52, 419, 1360, 1360], "intervals": [0, 0.275158, 0.001523, 0.015567, 0.000167]}