{"lengths": [60, 52, 263, 52, 52], "intervals": [0, 0.2964, 0.000338, 0.284211, 0.005731]}