{"lengths": [60, 52, 282, 52, 52], "intervals": [0, 0.273209, 9.2e-05, 0.27157, 5.1e-05]}