{"lengths": [60, 52, 261, 52, 52], "intervals": [0, 0.283945, 0.00012, 0.28022, 0.038985]}