{"lengths": [60, 52, 452, 1360, 1360], "intervals": [0, 0.269021, 0.005022, 0.022409, 0.00091]}