{"lengths": [60, 52, 263, 52, 52], "intervals": [0, 0.271174, 0.001114, 0.270768, 0.00105]}