{"lengths": [56, 56, 56, 0, 0], "intervals": [0, 21.192862, 17.469802, 0, 0]}