{"lengths": [58, 388, 48, 172, 172], "intervals": [0, 0.500286, 0.316938, 0.1842, 0.550543]}