{"lengths": [60, 52, 222, 52, 52], "intervals": [0, 0.271197, 0.000181, 0.288, 1.022775]}