{"lengths": [60, 52, 239, 52, 52], "intervals": [0, 0.278723, 0.000184, 0.278639, 0.01092]}