{"lengths": [60, 52, 421, 1360, 1360], "intervals": [0, 0.266831, 0.000327, 0.025448, 0.000332]}