{"lengths": [60, 52, 381, 52, 52], "intervals": [0, 0.268209, 0.040458, 0.998795, 0.274443]}