{"lengths": [60, 52, 419, 1360, 1360], "intervals": [0, 0.274934, 3.9e-05, 0.010595, 0.000213]}