{"lengths": [60, 52, 216, 52, 220], "intervals": [0, 0.280199, 0.000355, 0.29, 0.265409]}