{"lengths": [60, 52, 239, 52, 52], "intervals": [0, 0.282519, 0.000144, 0.274792, 0.010595]}