{"lengths": [60, 52, 272, 52, 52], "intervals": [0, 0.270739, 0.179035, 0.272134, 0.029719]}