{"lengths": [60, 52, 232, 52, 52], "intervals": [0, 0.268922, 0.000146, 0.26887, 0.000126]}