{"lengths": [60, 52, 251, 52, 52], "intervals": [0, 0.311706, 2e-05, 0.308931, 1.038267]}