{"lengths": [86, 125, 122, 0, 0], "intervals": [0, 7.566449, 109.129896, 0, 0]}