{"lengths": [60, 52, 202, 52, 52], "intervals": [0, 0.280565, 0.000202, 0.001623, 1.114964]}