{"lengths": [60, 52, 449, 1360, 1360], "intervals": [0, 0.285454, 0.001333, 0.000676, 0.000303]}