{"lengths": [60, 52, 252, 52, 52], "intervals": [0, 0.266466, 8.7e-05, 0.297933, 0.064583]}