{"lengths": [60, 52, 408, 1360, 1360], "intervals": [0, 0.294739, 2.5e-05, 0.001625, 5.1e-05]}