{"lengths": [125, 125, 125, 0, 0], "intervals": [0, 21.194534, 17.464768, 0, 0]}