{"lengths": [60, 52, 444, 1360, 1360], "intervals": [0, 0.278919, 0.00428, 0.000974, 4.4e-05]}