{"lengths": [60, 52, 448, 1360, 1360], "intervals": [0, 0.266016, 0.000717, 0.022195, 8.6e-05]}