{"lengths": [60, 52, 202, 52, 52], "intervals": [0, 0.295334, 0.000269, 2.6e-05, 0.866188]}