{"lengths": [60, 52, 275, 52, 52], "intervals": [0, 0.282657, 0.000383, 0.287834, 0.019248]}