{"lengths": [60, 52, 444, 1360, 1360], "intervals": [0, 0.280002, 0.000318, 5.5e-05, 3.3e-05]}