{"lengths": [86, 125, 122, 0, 0], "intervals": [0, 23.880716, 45.521695, 0, 0]}