{"lengths": [60, 52, 271, 52, 52], "intervals": [0, 0.268275, 0.000222, 0.266227, 0.032865]}