{"lengths": [60, 52, 449, 1360, 1360], "intervals": [0, 0.271199, 2.8e-05, 0.014722, 0.000268]}