{"lengths": [60, 52, 249, 52, 52], "intervals": [0, 0.273006, 0.000182, 0.30971, 1.038901]}