{"lengths": [60, 52, 409, 1360, 1360], "intervals": [0, 0.279513, 2.5e-05, 0.002852, 0.000963]}