{"lengths": [60, 52, 241, 52, 52], "intervals": [0, 0.284963, 0.000146, 0.292767, 5.4e-05]}