{"lengths": [426, 196, 401, 196, 426], "intervals": [0, 30.037743, 63.595065, 79.717079, 23.172309]}