{"lengths": [60, 52, 410, 52, 52], "intervals": [0, 0.277957, 0.030998, 1.000693, 1.807597]}