{"lengths": [60, 52, 444, 1360, 1360], "intervals": [0, 0.270554, 0.0, 0.027713, 0.000523]}