{"lengths": [60, 52, 416, 1360, 1360], "intervals": [0, 0.44984, 0.021842, 0.010659, 0.002989]}