{"lengths": [60, 52, 410, 52, 52], "intervals": [0, 0.26834, 0.011093, 1.005204, 1.834274]}