{"lengths": [60, 52, 234, 52, 52], "intervals": [0, 0.282037, 0.000154, 0.272329, 0.009435]}