{"lengths": [60, 52, 234, 52, 52], "intervals": [0, 0.272505, 0.000163, 0.271034, 0.014722]}