{"lengths": [60, 52, 402, 52, 52], "intervals": [0, 0.269356, 0.000354, 0.268311, 0.038644]}