{"lengths": [125, 125, 125, 0, 0], "intervals": [0, 52.405206, 17.464745, 0, 0]}