{"lengths": [60, 52, 449, 1360, 1360], "intervals": [0, 0.270508, 2.7e-05, 0.005943, 0.000642]}