{"lengths": [60, 52, 442, 1360, 1360], "intervals": [0, 0.414573, 0.000234, 0.02362, 0.000142]}