{"lengths": [60, 52, 282, 52, 52], "intervals": [0, 0.270184, 0.179601, 0.301236, 0.000503]}