{"lengths": [60, 52, 275, 52, 52], "intervals": [0, 0.273931, 0.00113, 0.269402, 0.027723]}