{"lengths": [60, 52, 405, 52, 52], "intervals": [0, 0.284223, 0.011311, 1.002588, 0.939286]}