{"lengths": [60, 52, 128, 52, 52], "intervals": [0, 0.280332, 2.4e-05, 4.6e-05, 0.332119]}