{"lengths": [60, 52, 405, 52, 52], "intervals": [0, 0.268446, 0.000141, 0.269101, 0.036908]}