{"lengths": [60, 52, 316, 52, 52], "intervals": [0, 0.274525, 0.03414, 0.272109, 9.5e-05]}