{"lengths": [60, 52, 263, 52, 64], "intervals": [0, 0.271011, 0.000177, 0.29149, 0.800484]}