{"lengths": [86, 305, 86, 86, 0], "intervals": [0, 44.391804, 36.549351, 62.363517, 0]}