{"lengths": [60, 52, 233, 52, 52], "intervals": [0, 0.278103, 0.00017, 0.278461, 5.4e-05]}