{"lengths": [60, 52, 339, 52, 52], "intervals": [0, 0.268816, 0.001479, 0.265623, 0.018264]}