{"lengths": [60, 52, 446, 1360, 1360], "intervals": [0, 0.268716, 0.002026, 0.000807, 0.006926]}