{"lengths": [60, 52, 227, 52, 214], "intervals": [0, 0.280474, 0.000139, 0.306526, 0.750285]}