{"lengths": [60, 52, 261, 52, 52], "intervals": [0, 0.284082, 0.000248, 0.405631, 0.037364]}