{"lengths": [60, 52, 267, 52, 52], "intervals": [0, 0.275716, 0.000148, 0.274668, 0.015737]}