{"lengths": [60, 52, 275, 52, 52], "intervals": [0, 0.27051, 0.000387, 0.270355, 0.00068]}