{"lengths": [60, 52, 444, 1360, 1360], "intervals": [0, 0.264882, 3.4e-05, 0.01135, 0.000475]}