{"lengths": [60, 52, 232, 52, 52], "intervals": [0, 0.27669, 0.003243, 0.274754, 0.006677]}