{"lengths": [60, 52, 235, 52, 52], "intervals": [0, 0.302056, 0.000276, 4.3e-05, 1.73604]}