{"lengths": [60, 52, 390, 895, 407], "intervals": [0, 0.26869, 0.025688, 0.01416, 0.271074]}