{"lengths": [60, 52, 449, 1360, 1360], "intervals": [0, 0.269367, 0.057326, 0.01629, 0.000217]}