{"lengths": [60, 52, 287, 52, 52], "intervals": [0, 0.262882, 0.000155, 0.264401, 0.010998]}