{"lengths": [60, 52, 263, 52, 52], "intervals": [0, 0.277312, 0.000201, 0.273126, 0.001583]}