{"lengths": [60, 52, 449, 1360, 1360], "intervals": [0, 0.269404, 3.7e-05, 0.014335, 0.000899]}