{"lengths": [60, 52, 437, 1360, 1360], "intervals": [0, 0.365996, 4e-05, 0.027909, 0.004649]}