{"lengths": [60, 52, 406, 52, 52], "intervals": [0, 0.281505, 0.000122, 0.281302, 0.038303]}