{"lengths": [60, 52, 421, 1360, 1360], "intervals": [0, 0.278859, 0.001485, 0.000241, 0.000248]}