{"lengths": [60, 52, 232, 52, 52], "intervals": [0, 0.276901, 0.000184, 0.276158, 4.7e-05]}