{"lengths": [60, 52, 238, 52, 52], "intervals": [0, 0.267026, 0.000167, 0.268087, 5.4e-05]}