{"lengths": [60, 52, 449, 1360, 1360], "intervals": [0, 0.270843, 0.005285, 0.011951, 3.3e-05]}