{"lengths": [60, 52, 286, 52, 52], "intervals": [0, 0.266649, 0.183128, 0.29775, 0.021641]}