{"lengths": [60, 52, 421, 1360, 1360], "intervals": [0, 0.27187, 3.2e-05, 0.001048, 5.3e-05]}