{"lengths": [60, 52, 232, 52, 52], "intervals": [0, 0.274992, 0.004208, 0.275184, 0.008297]}