{"lengths": [60, 52, 413, 52, 52], "intervals": [0, 0.280394, 0.02759, 0.997931, 0.398584]}