{"lengths": [60, 52, 275, 52, 52], "intervals": [0, 0.270266, 0.179182, 0.302877, 0.029456]}