{"lengths": [60, 52, 235, 52, 52], "intervals": [0, 0.300408, 6.3e-05, 4.7e-05, 1.73611]}