{"lengths": [60, 52, 449, 1360, 1360], "intervals": [0, 0.272696, 2.6e-05, 0.001325, 0.000232]}