{"lengths": [58, 239, 48, 172, 48], "intervals": [0, 0.500399, 0.356404, 0.146256, 0.228849]}