{"lengths": [60, 52, 214, 52, 52], "intervals": [0, 0.27166, 0.000196, 0.288823, 1.046616]}