{"lengths": [60, 52, 448, 1360, 1360], "intervals": [0, 0.275677, 2.8e-05, 0.030618, 5.6e-05]}