{"lengths": [60, 52, 282, 52, 52], "intervals": [0, 0.264615, 0.000489, 0.264399, 0.01135]}