{"lengths": [60, 52, 449, 1360, 1360], "intervals": [0, 0.27072, 2.4e-05, 0.000641, 0.000151]}