{"lengths": [60, 52, 193, 52, 52], "intervals": [0, 0.268589, 9.2e-05, 9.9e-05, 3.687208]}