{"lengths": [60, 52, 240, 52, 52], "intervals": [0, 0.268363, 0.000151, 0.26988, 0.01271]}