{"lengths": [60, 52, 235, 52, 52], "intervals": [0, 0.271238, 0.000831, 0.404588, 0.001031]}