{"lengths": [60, 52, 350, 52, 52], "intervals": [0, 0.274043, 7e-05, 0.372987, 0.002965]}