{"lengths": [60, 52, 448, 1360, 1360], "intervals": [0, 0.27119, 2.6e-05, 0.020201, 0.000266]}