{"lengths": [60, 52, 449, 1360, 1360], "intervals": [0, 0.268447, 0.00016, 6.3e-05, 3.5e-05]}