{"lengths": [60, 52, 272, 52, 52], "intervals": [0, 0.277407, 0.012835, 0.279419, 0.001443]}