{"lengths": [60, 52, 240, 52, 52], "intervals": [0, 0.270954, 0.000158, 0.288587, 0.012502]}