{"lengths": [60, 52, 237, 52, 52], "intervals": [0, 0.266681, 0.000259, 0.262582, 0.000534]}