{"lengths": [60, 52, 421, 1360, 1360], "intervals": [0, 0.268645, 0.036423, 0.018701, 0.000259]}