{"lengths": [60, 52, 274, 52, 52], "intervals": [0, 0.27966, 0.000493, 0.278993, 0.011969]}