{"lengths": [60, 52, 445, 1360, 1360], "intervals": [0, 0.270895, 0.00104, 0.022853, 9.2e-05]}