{"lengths": [60, 52, 234, 52, 52], "intervals": [0, 0.267894, 0.000158, 0.269251, 0.014332]}