{"lengths": [60, 52, 421, 1360, 1360], "intervals": [0, 0.275195, 0.00072, 0.001245, 0.000659]}