{"lengths": [60, 52, 449, 1360, 1360], "intervals": [0, 0.267876, 0.025651, 0.009172, 8.2e-05]}