{"lengths": [60, 52, 275, 64, 64], "intervals": [0, 0.273055, 0.000198, 0.296896, 3.6e-05]}