{"lengths": [60, 52, 275, 52, 52], "intervals": [0, 0.27376, 0.00064, 0.270544, 5.5e-05]}