{"lengths": [60, 52, 446, 1360, 1360], "intervals": [0, 0.267603, 0.002891, 0.001551, 0.000206]}