{"lengths": [60, 52, 275, 52, 52], "intervals": [0, 0.299189, 0.000197, 0.268699, 0.013342]}