{"lengths": [60, 52, 234, 52, 52], "intervals": [0, 0.286211, 3.6e-05, 0.272613, 0.001327]}