{"lengths": [58, 342, 172, 172, 48], "intervals": [0, 0.458548, 0.501119, 1.076921, 0.494187]}