{"lengths": [60, 52, 279, 52, 52], "intervals": [0, 0.316909, 0.000156, 0.265394, 5.8e-05]}