{"lengths": [60, 52, 283, 52, 52], "intervals": [0, 0.271552, 0.177896, 0.293779, 0.010658]}