{"lengths": [60, 52, 235, 52, 52], "intervals": [0, 0.280999, 0.000223, 0.282275, 5.9e-05]}