{"lengths": [60, 52, 449, 1360, 1360], "intervals": [0, 0.272432, 0.000521, 0.000451, 5.3e-05]}