{"lengths": [60, 52, 202, 52, 52], "intervals": [0, 0.277482, 2.6e-05, 0.000355, 1.856135]}