{"lengths": [60, 52, 449, 1360, 1360], "intervals": [0, 0.451007, 0.000172, 0.029718, 0.001236]}