{"lengths": [60, 52, 234, 52, 52], "intervals": [0, 0.276897, 0.00218, 0.270717, 0.000452]}