{"lengths": [60, 52, 447, 1360, 1360], "intervals": [0, 0.2729, 0.00069, 0.020562, 0.000131]}