{"lengths": [58, 446, 48, 172, 172], "intervals": [0, 0.460542, 0.40901, 0.092109, 0.711448]}