{"lengths": [60, 52, 444, 1360, 1360], "intervals": [0, 0.266997, 0.000481, 0.009137, 0.000998]}