{"lengths": [60, 52, 449, 1360, 1360], "intervals": [0, 0.271651, 2.7e-05, 0.024244, 3.3e-05]}