{"lengths": [60, 52, 241, 52, 52], "intervals": [0, 0.270277, 0.000139, 0.297799, 0.018818]}