{"lengths": [60, 52, 316, 52, 52], "intervals": [0, 0.273119, 0.021722, 0.274426, 0.000236]}