{"lengths": [60, 52, 249, 52, 52], "intervals": [0, 0.26948, 4e-05, 0.294327, 0.014161]}