{"lengths": [60, 52, 445, 1360, 1360], "intervals": [0, 0.27879, 3.8e-05, 0.007187, 0.000265]}