{"lengths": [60, 52, 444, 1360, 1360], "intervals": [0, 0.278318, 0.000533, 0.010916, 6.5e-05]}