{"lengths": [60, 52, 263, 52, 52], "intervals": [0, 0.276715, 0.000282, 0.278011, 3.3e-05]}