{"lengths": [60, 52, 419, 1360, 1360], "intervals": [0, 0.288537, 0.000211, 0.012547, 3.5e-05]}