{"lengths": [60, 52, 447, 1360, 1360], "intervals": [0, 0.270398, 4e-05, 0.000373, 6.8e-05]}