{"lengths": [60, 52, 1360, 1360, 1360], "intervals": [0, 0.821474, 0.002039, 0.000123, 6.1e-05]}