{"lengths": [60, 52, 445, 1360, 1360], "intervals": [0, 0.277248, 2.7e-05, 0.023315, 0.000111]}