{"lengths": [60, 52, 235, 52, 52], "intervals": [0, 0.272559, 8.7e-05, 0.275972, 0.000817]}