{"lengths": [60, 52, 239, 52, 52], "intervals": [0, 0.275559, 0.001091, 0.272969, 0.004244]}