{"lengths": [60, 52, 444, 1360, 1360], "intervals": [0, 0.270903, 0.000311, 0.033819, 3.4e-05]}