{"lengths": [60, 52, 448, 1360, 1360], "intervals": [0, 0.277156, 2.9e-05, 0.001162, 0.000188]}