{"lengths": [60, 52, 409, 1360, 712], "intervals": [0, 0.268407, 0.000213, 0.020692, 8.8e-05]}