{"lengths": [60, 52, 281, 52, 52], "intervals": [0, 0.276702, 0.003064, 0.286189, 0.03147]}