{"lengths": [60, 52, 444, 1360, 1360], "intervals": [0, 0.276308, 6e-05, 6e-05, 0.002828]}