{"lengths": [60, 52, 448, 1360, 1360], "intervals": [0, 0.273679, 0.002387, 0.000818, 0.000199]}