{"lengths": [60, 52, 449, 1360, 1360], "intervals": [0, 0.28001, 3e-05, 0.000188, 0.000188]}