{"lengths": [60, 52, 449, 1360, 1360], "intervals": [0, 0.276221, 0.002832, 0.006909, 0.000546]}