{"lengths": [60, 52, 316, 52, 52], "intervals": [0, 0.279677, 0.086356, 0.280064, 4e-05]}