{"lengths": [60, 52, 421, 1360, 1360], "intervals": [0, 0.269881, 0.000458, 0.002605, 0.000595]}