{"lengths": [60, 52, 444, 1360, 1360], "intervals": [0, 0.268617, 7.5e-05, 0.017481, 8e-05]}