{"lengths": [60, 52, 405, 1360, 1360], "intervals": [0, 0.263937, 0.034092, 0.064582, 3.3e-05]}