{"lengths": [60, 52, 419, 1360, 1360], "intervals": [0, 0.281419, 3.4e-05, 0.00089, 3.9e-05]}