{"lengths": [60, 52, 235, 52, 52], "intervals": [0, 0.26693, 0.000187, 0.266544, 0.022197]}