{"lengths": [60, 52, 449, 1360, 1360], "intervals": [0, 0.28063, 2.6e-05, 0.01079, 5.8e-05]}