{"lengths": [125, 86, 125, 0, 0], "intervals": [0, 23.00529, 7.005135, 0, 0]}