{"lengths": [60, 417, 1360, 1360, 1360], "intervals": [0, 0.301607, 0.009155, 3.2e-05, 3.3e-05]}