{"lengths": [125, 125, 122, 0, 0], "intervals": [0, 24.007527, 29.461308, 0, 0]}