{"lengths": [60, 52, 261, 52, 52], "intervals": [0, 0.263868, 0.000228, 0.263656, 0.001664]}