{"lengths": [60, 52, 275, 52, 52], "intervals": [0, 0.285313, 5.5e-05, 0.283591, 0.018925]}