{"lengths": [60, 52, 233, 52, 52], "intervals": [0, 0.266068, 0.000123, 0.275445, 0.00019]}