{"lengths": [58, 224, 551, 95, 48], "intervals": [0, 0.464627, 1.212689, 0.79219, 0.113662]}