{"lengths": [60, 52, 202, 52, 52], "intervals": [0, 0.281416, 5.1e-05, 3.2e-05, 1.103012]}