{"lengths": [60, 52, 444, 1360, 1360], "intervals": [0, 0.274683, 0.003874, 0.019895, 0.001624]}