{"lengths": [60, 52, 405, 52, 52], "intervals": [0, 0.284819, 0.000134, 0.2816, 0.038577]}