{"lengths": [125, 125, 125, 0, 0], "intervals": [0, 15.217395, 15.99336, 0, 0]}