{"lengths": [60, 52, 248, 52, 52], "intervals": [0, 0.309347, 0.0001, 0.30913, 1.036928]}