{"lengths": [60, 52, 419, 1360, 1360], "intervals": [0, 0.273053, 2.6e-05, 0.003825, 5.2e-05]}