{"lengths": [60, 52, 421, 1360, 1360], "intervals": [0, 0.27091, 0.039031, 0.022051, 0.000264]}