{"lengths": [60, 52, 232, 52, 52], "intervals": [0, 0.266768, 0.000186, 0.266621, 0.024623]}