{"lengths": [60, 52, 274, 52, 52], "intervals": [0, 0.272024, 0.001648, 0.270366, 0.011314]}