{"lengths": [60, 52, 277, 52, 52], "intervals": [0, 0.264883, 0.000341, 0.264155, 0.001077]}