{"lengths": [60, 52, 292, 52, 52], "intervals": [0, 0.27862, 0.000244, 0.287401, 0.016959]}