{"lengths": [60, 52, 128, 52, 52], "intervals": [0, 0.278976, 3.8e-05, 5.2e-05, 2.689003]}