{"lengths": [60, 52, 234, 52, 52], "intervals": [0, 0.271481, 7.5e-05, 0.326611, 0.016295]}