{"lengths": [60, 52, 274, 52, 52], "intervals": [0, 0.270742, 0.000143, 0.270309, 0.012688]}