{"lengths": [60, 52, 239, 52, 52], "intervals": [0, 0.268628, 0.003423, 0.268915, 0.006809]}