{"lengths": [165, 160, 161, 129, 0], "intervals": [0, 2.003165, 2.003395, 2.004222, 0]}