{"lengths": [153, 153, 153, 0, 0], "intervals": [0, 15.992945, 21.193094, 0, 0]}