{"lengths": [60, 52, 257, 52, 52], "intervals": [0, 0.27114, 0.000149, 0.278835, 0.037433]}