{"lengths": [60, 52, 421, 1360, 1360], "intervals": [0, 0.267122, 0.000891, 0.000302, 0.000144]}