{"lengths": [60, 52, 282, 52, 52], "intervals": [0, 0.272344, 7.5e-05, 0.274488, 0.023333]}