{"lengths": [60, 52, 260, 52, 52], "intervals": [0, 0.27225, 0.000267, 0.304644, 0.067305]}