{"lengths": [60, 52, 352, 52, 52], "intervals": [0, 0.272057, 8.6e-05, 0.309829, 0.022053]}