{"lengths": [60, 52, 421, 1360, 1360], "intervals": [0, 0.273321, 2.6e-05, 0.00145, 0.000235]}