{"lengths": [60, 52, 282, 52, 52], "intervals": [0, 0.307772, 0.000113, 0.280693, 0.032808]}