{"lengths": [60, 52, 444, 1360, 1360], "intervals": [0, 0.449696, 2.3e-05, 0.016282, 0.000487]}