{"lengths": [125, 125, 125, 0, 0], "intervals": [0, 15.991409, 21.193084, 0, 0]}