{"lengths": [60, 52, 398, 52, 52], "intervals": [0, 0.283977, 0.000191, 0.297123, 0.036299]}