{"lengths": [60, 52, 234, 52, 52], "intervals": [0, 0.269623, 0.000225, 0.268001, 3.2e-05]}