{"lengths": [60, 52, 263, 52, 52], "intervals": [0, 0.27862, 0.000122, 0.275701, 0.009259]}