{"lengths": [60, 52, 240, 52, 52], "intervals": [0, 0.268099, 0.000587, 0.265642, 0.00044]}