{"lengths": [86, 122, 122, 86, 86], "intervals": [0, 2.245334, 10.809117, 38.601456, 98.680102]}