{"lengths": [60, 52, 243, 52, 52], "intervals": [0, 0.277801, 0.001808, 0.293714, 1.042885]}