{"lengths": [125, 122, 125, 0, 0], "intervals": [0, 2.080548, 21.926915, 0, 0]}