{"lengths": [60, 52, 275, 52, 52], "intervals": [0, 0.269072, 0.00028, 0.26837, 0.01748]}