{"lengths": [60, 52, 234, 52, 52], "intervals": [0, 0.268192, 0.000178, 0.273847, 0.022409]}