{"lengths": [60, 52, 202, 52, 52], "intervals": [0, 0.286128, 3.4e-05, 5.5e-05, 0.960582]}