{"lengths": [60, 52, 282, 52, 52], "intervals": [0, 0.275337, 0.00073, 0.279547, 5.4e-05]}