{"lengths": [60, 52, 128, 52, 52], "intervals": [0, 0.405865, 2.4e-05, 6.6e-05, 1.260693]}