{"lengths": [60, 52, 193, 52, 52], "intervals": [0, 0.266528, 7.6e-05, 9.2e-05, 3.693025]}