{"lengths": [60, 52, 448, 1360, 1360], "intervals": [0, 0.272432, 0.000419, 0.000562, 4.2e-05]}