{"lengths": [60, 52, 263, 52, 52], "intervals": [0, 0.284921, 0.006707, 0.287667, 0.018634]}