{"lengths": [60, 52, 394, 52, 52], "intervals": [0, 0.28213, 0.000211, 0.283873, 0.036246]}