{"lengths": [48, 48, 218, 48, 567], "intervals": [0, 0.498474, 0.005726, 0.499217, 0.000357]}