{"lengths": [60, 52, 445, 1360, 1360], "intervals": [0, 0.267476, 4.7e-05, 0.009566, 7.2e-05]}