{"lengths": [60, 52, 275, 52, 52], "intervals": [0, 0.271134, 8.2e-05, 0.271847, 0.022874]}