{"lengths": [60, 52, 449, 1360, 1360], "intervals": [0, 0.27216, 3e-05, 0.007898, 0.000613]}