{"lengths": [60, 52, 275, 52, 52], "intervals": [0, 0.268076, 0.000206, 0.271441, 0.024245]}