{"lengths": [60, 52, 202, 52, 52], "intervals": [0, 0.267344, 4e-05, 5.8e-05, 1.11176]}