{"lengths": [60, 52, 272, 52, 52], "intervals": [0, 0.275257, 0.087037, 0.278995, 0.027917]}