{"lengths": [60, 52, 275, 52, 52], "intervals": [0, 0.270262, 0.000149, 0.267293, 0.009148]}