{"lengths": [60, 52, 282, 52, 52], "intervals": [0, 0.276802, 1.3e-05, 0.28308, 0.000981]}