{"lengths": [60, 52, 233, 52, 52], "intervals": [0, 0.283127, 0.000165, 0.270543, 0.000801]}