{"lengths": [60, 52, 262, 52, 52], "intervals": [0, 0.267839, 0.000145, 0.289577, 0.014508]}