{"lengths": [86, 125, 86, 86, 0], "intervals": [0, 44.396684, 36.548979, 62.365365, 0]}