{"lengths": [60, 52, 275, 52, 52], "intervals": [0, 0.269295, 0.00012, 0.268499, 0.025469]}