{"lengths": [60, 52, 232, 52, 52], "intervals": [0, 0.271263, 0.001986, 0.268745, 0.002793]}