{"lengths": [60, 52, 449, 1360, 1360], "intervals": [0, 0.281174, 0.001373, 0.007296, 7.5e-05]}