{"lengths": [60, 52, 388, 388, 52], "intervals": [0, 0.273204, 0.017179, 0.555067, 1.005646]}