{"lengths": [60, 52, 419, 1360, 1360], "intervals": [0, 0.272311, 0.109241, 0.031049, 0.006178]}