{"lengths": [60, 52, 444, 1360, 1360], "intervals": [0, 0.451094, 0.030971, 0.029447, 4.4e-05]}