{"lengths": [60, 52, 444, 1360, 1360], "intervals": [0, 0.267433, 0.002204, 0.056424, 4.4e-05]}