{"lengths": [60, 52, 444, 1360, 1360], "intervals": [0, 0.283444, 0.017756, 0.006822, 3.5e-05]}