{"lengths": [60, 52, 287, 52, 52], "intervals": [0, 0.278718, 0.171059, 0.342814, 0.029689]}