{"lengths": [60, 52, 275, 52, 52], "intervals": [0, 0.298405, 0.006165, 0.272369, 0.019894]}