{"lengths": [60, 52, 234, 52, 52], "intervals": [0, 0.275297, 0.000134, 0.277387, 3.3e-05]}