{"lengths": [60, 52, 450, 1360, 1360], "intervals": [0, 0.26968, 0.001412, 0.018081, 0.000118]}