{"lengths": [60, 52, 446, 1360, 1360], "intervals": [0, 0.27294, 9.4e-05, 0.000431, 0.000233]}