{"lengths": [60, 52, 443, 1360, 1360], "intervals": [0, 0.273179, 0.000535, 5.4e-05, 3.4e-05]}