{"lengths": [60, 52, 235, 52, 52], "intervals": [0, 0.275243, 0.000609, 0.275289, 0.000891]}