{"lengths": [60, 52, 281, 52, 52], "intervals": [0, 0.275252, 0.000384, 0.273223, 5.4e-05]}