{"lengths": [347, 98, 347, 0, 0], "intervals": [0, 23.005456, 7.021408, 0, 0]}