{"lengths": [60, 52, 447, 1360, 1360], "intervals": [0, 0.269425, 0.000197, 0.000857, 0.000486]}