{"lengths": [125, 125, 125, 0, 0], "intervals": [0, 21.38768, 17.464791, 0, 0]}