{"lengths": [60, 52, 263, 52, 52], "intervals": [0, 0.2791, 0.000203, 0.277578, 0.003567]}