{"lengths": [60, 52, 234, 52, 52], "intervals": [0, 0.275286, 0.001907, 0.278093, 0.000187]}