{"lengths": [60, 52, 421, 1360, 1360], "intervals": [0, 0.26584, 0.00103, 0.007999, 0.000611]}