{"lengths": [60, 52, 447, 1360, 1360], "intervals": [0, 0.270033, 2.6e-05, 0.01271, 5.3e-05]}