{"lengths": [60, 52, 232, 52, 52], "intervals": [0, 0.266009, 0.000175, 0.267584, 0.000713]}