{"lengths": [60, 52, 413, 52, 52], "intervals": [0, 0.273216, 0.029194, 0.99833, 0.28137]}