{"lengths": [60, 52, 277, 52, 52], "intervals": [0, 0.270837, 0.000147, 0.269433, 0.000851]}