{"lengths": [60, 52, 445, 1360, 1360], "intervals": [0, 0.266668, 0.00162, 5.8e-05, 3.3e-05]}