{"lengths": [60, 52, 233, 52, 52], "intervals": [0, 0.27074, 0.000146, 0.272886, 0.000407]}