{"lengths": [60, 52, 413, 1360, 1360], "intervals": [0, 0.266943, 0.000188, 0.018263, 3.5e-05]}