{"lengths": [60, 52, 444, 1360, 1360], "intervals": [0, 0.275212, 0.001743, 0.025793, 7.4e-05]}