{"lengths": [60, 52, 448, 1360, 1360], "intervals": [0, 0.274808, 0.000328, 0.001707, 0.000103]}