{"lengths": [60, 52, 444, 1360, 1360], "intervals": [0, 0.266397, 0.00044, 0.024623, 0.000678]}