{"lengths": [60, 52, 267, 52, 52], "intervals": [0, 0.274188, 4.1e-05, 0.275852, 0.012003]}