{"lengths": [60, 52, 202, 52, 52], "intervals": [0, 0.281214, 0.000534, 4.5e-05, 0.51032]}