{"lengths": [60, 52, 241, 52, 52], "intervals": [0, 0.276855, 4.7e-05, 0.275776, 0.00124]}