{"lengths": [60, 52, 444, 1360, 1360], "intervals": [0, 0.266124, 0.000343, 0.032864, 0.001851]}