{"lengths": [60, 52, 442, 1360, 1360], "intervals": [0, 0.274548, 0.000562, 0.014746, 0.000293]}