{"lengths": [60, 52, 240, 52, 52], "intervals": [0, 0.267332, 0.000482, 0.2699, 0.000375]}