{"lengths": [60, 52, 254, 52, 52], "intervals": [0, 0.265837, 0.000197, 0.282606, 0.011501]}