{"lengths": [60, 52, 234, 52, 52], "intervals": [0, 0.271086, 0.000995, 0.267597, 5.1e-05]}