{"lengths": [60, 52, 304, 52, 52], "intervals": [0, 0.274667, 0.000106, 0.27716, 0.023337]}