{"lengths": [347, 347, 347, 0, 0], "intervals": [0, 21.387227, 17.474593, 0, 0]}