{"lengths": [60, 52, 263, 52, 52], "intervals": [0, 0.269039, 3.8e-05, 0.305025, 0.018701]}