{"lengths": [60, 52, 446, 1360, 1360], "intervals": [0, 0.274827, 0.000768, 0.000191, 3.3e-05]}