{"lengths": [60, 52, 232, 52, 52], "intervals": [0, 0.268937, 0.000143, 0.276881, 0.008534]}