{"lengths": [60, 52, 419, 52, 52], "intervals": [0, 0.288256, 0.00761, 0.998575, 0.502752]}