{"lengths": [60, 52, 275, 52, 52], "intervals": [0, 0.26939, 0.180052, 0.285884, 0.006018]}