{"lengths": [125, 125, 125, 0, 0], "intervals": [0, 20.893566, 17.483364, 0, 0]}