{"lengths": [60, 52, 239, 52, 52], "intervals": [0, 0.269851, 0.000156, 0.275587, 0.000166]}