{"lengths": [60, 52, 444, 1360, 1360], "intervals": [0, 0.451606, 0.029292, 0.000501, 3.6e-05]}