{"lengths": [60, 52, 419, 1360, 1360], "intervals": [0, 0.270602, 0.000268, 0.023861, 3.3e-05]}