{"lengths": [60, 52, 306, 52, 52], "intervals": [0, 0.26669, 0.0008, 0.300382, 0.006823]}