{"lengths": [60, 52, 449, 1360, 1360], "intervals": [0, 0.271137, 0.001467, 0.006022, 5.3e-05]}