{"lengths": [60, 52, 282, 52, 52], "intervals": [0, 0.269175, 0.00014, 0.2689, 0.000399]}