{"lengths": [60, 52, 268, 52, 52], "intervals": [0, 0.277251, 0.134171, 0.280605, 0.023667]}