{"lengths": [60, 52, 316, 52, 52], "intervals": [0, 0.279746, 0.047107, 0.278731, 4.6e-05]}