{"lengths": [60, 52, 421, 1360, 1360], "intervals": [0, 0.283815, 0.025203, 0.116453, 0.000488]}