{"lengths": [60, 52, 449, 1360, 1360], "intervals": [0, 0.281245, 2.8e-05, 0.000189, 4.2e-05]}