{"lengths": [60, 52, 274, 52, 52], "intervals": [0, 0.318496, 0.00012, 0.290072, 0.000493]}