{"lengths": [60, 52, 444, 1360, 1360], "intervals": [0, 0.277939, 0.000501, 0.022026, 0.000502]}