{"lengths": [60, 52, 445, 1360, 1360], "intervals": [0, 0.288197, 5.3e-05, 0.019246, 5.3e-05]}