{"lengths": [60, 52, 275, 52, 52], "intervals": [0, 0.27784, 3.3e-05, 0.278777, 0.00719]}