{"lengths": [60, 52, 202, 52, 52], "intervals": [0, 0.275064, 2.4e-05, 2.4e-05, 1.124252]}