{"lengths": [60, 52, 401, 52, 52], "intervals": [0, 0.280077, 0.001888, 0.275453, 0.03663]}