{"lengths": [60, 1360, 1360, 1360, 1360], "intervals": [0, 0.283798, 0.000198, 3.3e-05, 3.2e-05]}