{"lengths": [60, 52, 401, 52, 52], "intervals": [0, 0.272989, 0.000221, 0.274814, 0.036255]}