{"lengths": [60, 52, 238, 52, 52], "intervals": [0, 0.276062, 0.00023, 0.284972, 0.001451]}