{"lengths": [60, 52, 279, 52, 52], "intervals": [0, 0.275682, 0.000198, 0.276686, 0.025802]}