{"lengths": [125, 125, 125, 0, 0], "intervals": [0, 15.993336, 21.194482, 0, 0]}