{"lengths": [60, 52, 449, 1360, 1360], "intervals": [0, 0.271184, 0.00075, 0.000112, 3.3e-05]}