{"lengths": [60, 52, 241, 52, 52], "intervals": [0, 0.269049, 0.000185, 0.266923, 0.025443]}