{"lengths": [60, 52, 234, 52, 52], "intervals": [0, 0.268142, 0.00018, 0.270308, 0.005943]}