{"lengths": [60, 52, 351, 52, 52], "intervals": [0, 0.273101, 0.004409, 0.275101, 0.002856]}