{"lengths": [60, 52, 263, 52, 52], "intervals": [0, 0.275997, 0.000208, 0.292327, 0.02294]}