{"lengths": [60, 52, 235, 52, 52], "intervals": [0, 0.273358, 0.000175, 0.272621, 0.000562]}