{"lengths": [60, 52, 439, 1360, 1360], "intervals": [0, 0.264412, 0.000191, 0.010988, 7.2e-05]}