{"lengths": [60, 52, 267, 52, 64], "intervals": [0, 0.271221, 0.181965, 0.29538, 0.009167]}