{"lengths": [60, 52, 233, 52, 52], "intervals": [0, 0.268852, 0.000201, 0.270246, 0.001553]}