{"lengths": [60, 52, 419, 1360, 1360], "intervals": [0, 0.270536, 8e-05, 0.011307, 0.004421]}