{"lengths": [60, 52, 405, 52, 52], "intervals": [0, 0.26862, 5.4e-05, 0.270557, 0.039522]}