{"lengths": [60, 52, 398, 1360, 1360], "intervals": [0, 0.275889, 0.000109, 0.012014, 3.3e-05]}