{"lengths": [60, 52, 273, 52, 52], "intervals": [0, 0.279861, 0.001719, 0.282308, 0.025396]}