{"lengths": [60, 52, 294, 52, 52], "intervals": [0, 0.271385, 0.000748, 0.274826, 0.014187]}