{"lengths": [108, 340, 327, 0, 0], "intervals": [0, 5.663619, 7.720502, 0, 0]}