{"lengths": [60, 52, 239, 52, 52], "intervals": [0, 0.269735, 0.000229, 0.276494, 0.015501]}