{"lengths": [125, 125, 125, 0, 0], "intervals": [0, 21.194524, 17.464761, 0, 0]}