{"lengths": [60, 52, 426, 1360, 1360], "intervals": [0, 0.269869, 0.028153, 0.079381, 0.003125]}