{"lengths": [60, 52, 398, 52, 52], "intervals": [0, 0.291578, 0.000289, 0.295301, 0.038616]}