{"lengths": [60, 52, 202, 52, 52], "intervals": [0, 0.296829, 0.000522, 2.7e-05, 0.869571]}