{"lengths": [60, 52, 447, 1360, 1360], "intervals": [0, 0.269886, 3.2e-05, 0.032842, 4.4e-05]}