{"lengths": [60, 52, 445, 1360, 1360], "intervals": [0, 0.26846, 0.000219, 0.02546, 6.4e-05]}