{"lengths": [60, 52, 449, 1360, 1360], "intervals": [0, 0.264988, 2.5e-05, 3.3e-05, 0.000671]}