{"lengths": [60, 52, 1360, 1360, 1360], "intervals": [0, 0.321387, 0.004453, 6.3e-05, 3.6e-05]}