{"lengths": [60, 52, 277, 52, 52], "intervals": [0, 0.270429, 0.000589, 0.26928, 0.032839]}