{"lengths": [347, 317, 347, 0, 0], "intervals": [0, 2.081635, 21.922274, 0, 0]}