{"lengths": [60, 52, 411, 52, 52], "intervals": [0, 0.271056, 0.038185, 0.999633, 1.808913]}