{"lengths": [60, 52, 238, 52, 52], "intervals": [0, 0.267577, 0.000273, 0.267332, 0.00942]}