{"lengths": [60, 52, 444, 1360, 1360], "intervals": [0, 0.274356, 0.00022, 0.023334, 3.4e-05]}