{"lengths": [60, 52, 213, 52, 52], "intervals": [0, 0.288316, 0.000158, 0.30778, 1.035762]}