{"lengths": [60, 52, 416, 1360, 1360], "intervals": [0, 0.263994, 0.018863, 0.0115, 0.000286]}