{"lengths": [60, 52, 406, 52, 52], "intervals": [0, 0.264802, 0.000159, 0.267185, 0.040186]}