{"lengths": [60, 52, 277, 52, 52], "intervals": [0, 0.270818, 0.000251, 0.274796, 0.01475]}