{"lengths": [60, 52, 277, 52, 52], "intervals": [0, 0.267698, 0.000149, 0.269282, 0.033091]}