{"lengths": [60, 52, 421, 1360, 1360], "intervals": [0, 0.271269, 0.026687, 0.018811, 7e-05]}