{"lengths": [60, 52, 263, 52, 52], "intervals": [0, 0.264399, 0.000196, 0.268641, 0.00684]}