{"lengths": [60, 52, 413, 52, 52], "intervals": [0, 0.270408, 0.017793, 0.999345, 0.295315]}