{"lengths": [98, 347, 317, 0, 0], "intervals": [0, 23.875834, 45.521483, 0, 0]}