{"lengths": [60, 52, 259, 52, 52], "intervals": [0, 0.27569, 0.005026, 0.296559, 0.009164]}