{"lengths": [60, 52, 316, 52, 52], "intervals": [0, 0.263484, 0.571706, 0.264626, 3.6e-05]}