{"lengths": [60, 52, 447, 1360, 1360], "intervals": [0, 0.286044, 0.004164, 0.000495, 3.2e-05]}