{"lengths": [60, 52, 256, 52, 52], "intervals": [0, 0.269188, 0.000562, 0.293964, 0.022003]}