{"lengths": [60, 52, 441, 1360, 1360], "intervals": [0, 0.263906, 0.001711, 6.3e-05, 3.5e-05]}