{"lengths": [60, 52, 275, 52, 52], "intervals": [0, 0.269582, 0.000136, 0.278892, 0.006926]}