{"lengths": [60, 52, 443, 1360, 1360], "intervals": [0, 0.270451, 7.5e-05, 0.012697, 0.001002]}