{"lengths": [60, 52, 226, 52, 52], "intervals": [0, 0.28114, 0.000533, 0.295312, 1.038082]}