{"lengths": [60, 52, 295, 52, 52], "intervals": [0, 0.273022, 8.5e-05, 0.27185, 0.00931]}