{"lengths": [60, 52, 238, 52, 52], "intervals": [0, 0.304171, 0.000115, 0.292356, 5.3e-05]}