{"lengths": [60, 52, 239, 52, 52], "intervals": [0, 0.273075, 0.001133, 0.271926, 0.003825]}