{"lengths": [60, 52, 275, 52, 52], "intervals": [0, 0.270582, 0.000134, 0.271717, 0.000112]}