{"lengths": [60, 52, 404, 52, 52], "intervals": [0, 0.270992, 0.029709, 0.270765, 0.040974]}