{"lengths": [60, 52, 448, 1360, 1360], "intervals": [0, 0.267714, 2.6e-05, 0.000938, 0.000192]}