{"lengths": [60, 52, 444, 1360, 1360], "intervals": [0, 0.271446, 0.000257, 5.1e-05, 0.00057]}