{"lengths": [60, 52, 421, 1360, 1360], "intervals": [0, 0.27492, 0.00093, 0.009259, 3.3e-05]}