{"lengths": [60, 52, 235, 52, 52], "intervals": [0, 0.271558, 0.000151, 0.273312, 0.001617]}