{"lengths": [60, 52, 280, 52, 52], "intervals": [0, 0.265742, 0.000144, 0.268442, 0.02073]}