{"lengths": [56, 56, 56, 0, 0], "intervals": [0, 22.01622, 21.213667, 0, 0]}