{"lengths": [60, 52, 447, 1360, 1360], "intervals": [0, 0.270569, 0.018197, 0.012499, 5.1e-05]}