{"lengths": [60, 52, 272, 52, 52], "intervals": [0, 0.268, 0.016151, 0.270615, 0.000677]}