{"lengths": [60, 52, 414, 52, 52], "intervals": [0, 0.269021, 0.020049, 1.006838, 0.733843]}