{"lengths": [60, 52, 272, 52, 52], "intervals": [0, 0.281112, 0.000215, 0.282299, 0.007304]}