{"lengths": [60, 52, 411, 52, 0], "intervals": [0, 0.285401, 0.024528, 0.99999, 0]}