{"lengths": [60, 52, 444, 1360, 1360], "intervals": [0, 0.270727, 2.6e-05, 0.002791, 3.4e-05]}