{"lengths": [60, 52, 249, 52, 52], "intervals": [0, 0.304566, 2.7e-05, 0.285071, 1.037272]}