{"lengths": [60, 52, 444, 1360, 1360], "intervals": [0, 0.275746, 2.7e-05, 0.000167, 0.000563]}