{"lengths": [60, 52, 232, 52, 52], "intervals": [0, 0.28151, 0.002618, 0.275806, 0.022025]}