{"lengths": [60, 52, 234, 52, 52], "intervals": [0, 0.279203, 0.000603, 0.27183, 0.006021]}