{"lengths": [60, 52, 1360, 1360, 1360], "intervals": [0, 0.306185, 6.5e-05, 0.000104, 4e-05]}