{"lengths": [60, 52, 275, 52, 52], "intervals": [0, 0.272505, 0.000118, 0.280641, 0.013287]}