{"lengths": [48, 48, 227, 48, 447], "intervals": [0, 0.441124, 0.009718, 1.555372, 0.007927]}