{"lengths": [60, 52, 234, 52, 52], "intervals": [0, 0.276164, 4.3e-05, 0.271053, 0.011221]}