{"lengths": [60, 52, 447, 1360, 1360], "intervals": [0, 0.277006, 3e-05, 0.00852, 7.3e-05]}