{"lengths": [60, 52, 202, 52, 52], "intervals": [0, 0.272682, 3e-05, 4.6e-05, 0.526713]}