{"lengths": [60, 52, 232, 52, 52], "intervals": [0, 0.276152, 0.000577, 0.272938, 0.020628]}