{"lengths": [60, 52, 421, 1360, 1360], "intervals": [0, 0.26496, 0.003901, 0.006835, 0.00099]}