{"lengths": [60, 52, 263, 52, 52], "intervals": [0, 0.268757, 0.000206, 0.270106, 0.002605]}