{"lengths": [60, 52, 446, 1360, 1360], "intervals": [0, 0.27836, 0.000317, 5.7e-05, 3.2e-05]}