{"lengths": [125, 125, 125, 0, 0], "intervals": [0, 21.194519, 17.464767, 0, 0]}