{"lengths": [60, 52, 448, 1360, 1360], "intervals": [0, 0.268656, 0.000228, 0.013709, 5.4e-05]}