{"lengths": [60, 52, 444, 1360, 1360], "intervals": [0, 0.287738, 2.4e-05, 0.016959, 3.3e-05]}