{"lengths": [60, 52, 263, 52, 52], "intervals": [0, 0.039178, 0.000166, 0.040614, 0.000192]}