{"lengths": [60, 52, 569, 52, 135], "intervals": [0, 0.022417, 0.000224, 0.023397, 0.000382]}