{"lengths": [60, 52, 1390, 1390, 1289], "intervals": [0, 0.025754, 0.001143, 0.000235, 0.000172]}