{"lengths": [434, 429, 429, 429, 401], "intervals": [0, 65.517193, 320.022261, 69.960129, 42.418844]}