{"lengths": [60, 52, 52, 52, 0], "intervals": [0, 0.02216, 5.275513, 0.028755, 0]}