{"lengths": [60, 52, 156, 128, 104], "intervals": [0, 2.700489, 0.000282, 0.08241, 890.081121]}