{"lengths": [60, 52, 569, 52, 103], "intervals": [0, 0.026212, 0.000156, 0.02651, 0.000483]}