{"lengths": [60, 52, 156, 128, 104], "intervals": [0, 4.520198, 5.9e-05, 0.081089, 890.081525]}