{"lengths": [60, 52, 833, 833, 52], "intervals": [0, 0.026761, 0.021834, 0.064784, 10.022257]}