{"lengths": [60, 52, 1390, 1390, 962], "intervals": [0, 0.053982, 0.001607, 0.000215, 0.000103]}