{"lengths": [60, 52, 251, 52, 52], "intervals": [0, 0.026122, 0.000228, 0.027333, 0.000266]}