{"lengths": [60, 52, 1390, 1390, 530], "intervals": [0, 0.025909, 0.000856, 0.000254, 5.4e-05]}