{"lengths": [60, 52, 1390, 1390, 530], "intervals": [0, 0.026117, 0.00084, 0.000213, 7.6e-05]}