{"lengths": [132, 132, 132, 132, 132], "intervals": [0, 16.802399, 14.404233, 0.960053, 0.958669]}