{"lengths": [60, 52, 569, 52, 103], "intervals": [0, 0.025722, 0.00041, 0.026119, 0.000326]}