{"lengths": [60, 52, 251, 52, 52], "intervals": [0, 0.025457, 0.008756, 0.026596, 0.000157]}