{"lengths": [60, 52, 1067, 52, 52], "intervals": [0, 0.025764, 0.123031, 0.029418, 0.001178]}