{"lengths": [60, 52, 251, 52, 52], "intervals": [0, 0.026507, 0.000439, 0.027647, 0.000186]}