{"lengths": [48, 48, 48, 48, 48], "intervals": [0, 10.039303, 10.037896, 10.038214, 10.039408]}