{"lengths": [60, 52, 569, 52, 103], "intervals": [0, 0.025818, 0.00011, 0.026142, 0.000181]}