{"lengths": [60, 52, 260, 52, 52], "intervals": [0, 0.052115, 0.0002, 0.053275, 0.000138]}