{"lengths": [171, 161, 174, 174, 174], "intervals": [0, 215.261004, 321.243506, 2.023234, 4.029293]}