{"lengths": [60, 52, 251, 52, 52], "intervals": [0, 0.026202, 0.000147, 0.027141, 0.000215]}