{"lengths": [60, 52, 96, 52, 204], "intervals": [0, 0.08077, 4.460135, 0.081181, 0.000368]}