{"lengths": [60, 52, 251, 52, 52], "intervals": [0, 0.025586, 0.000224, 0.02672, 0.00022]}