{"lengths": [60, 52, 201, 108, 94], "intervals": [0, 0.02607, 0.000459, 0.025978, 8.7e-05]}