{"lengths": [60, 52, 840, 0, 0], "intervals": [0, 0.042286, 0.00058, 0, 0]}