{"lengths": [60, 52, 1390, 1390, 1287], "intervals": [0, 0.033099, 0.000565, 9.6e-05, 6.7e-05]}