{"lengths": [52, 93, 93, 117, 97], "intervals": [0, 0.00053, 58.869482, 58.488977, 9.1e-05]}