{"lengths": [52, 83, 52, 52, 0], "intervals": [0, 15.078916, 4.999525, 4.952463, 0]}