{"lengths": [60, 52, 1390, 1390, 1291], "intervals": [0, 0.025843, 0.000973, 0.000215, 0.000201]}