{"lengths": [60, 52, 96, 52, 204], "intervals": [0, 0.080883, 2.179496, 0.080791, 0.000334]}