{"lengths": [60, 52, 251, 52, 52], "intervals": [0, 0.027938, 0.022443, 0.026578, 0.000209]}