{"lengths": [52, 52, 52, 52, 52], "intervals": [0, 45.09609, 45.055901, 45.055962, 45.056339]}