{"lengths": [159, 159, 158, 158, 159], "intervals": [0, 607.637419, 85.391461, 321.243458, 665.299494]}