{"lengths": [60, 52, 201, 108, 94], "intervals": [0, 0.026979, 0.00094, 0.026787, 6.3e-05]}