{"lengths": [60, 52, 1390, 1390, 963], "intervals": [0, 0.026451, 0.000596, 0.000171, 0.000218]}