{"lengths": [60, 40, 45, 0, 0], "intervals": [0, 0.13967, 0.000164, 0, 0]}