{"lengths": [60, 52, 52, 52, 0], "intervals": [0, 0.134748, 5.081983, 0.134285, 0]}