{"lengths": [499, 52, 93, 550, 52], "intervals": [0, 0.026698, 7.3e-05, 0.873791, 0.027839]}