{"lengths": [48, 48, 48, 48, 48], "intervals": [0, 10.039302, 10.037904, 10.038211, 10.039416]}