{"lengths": [60, 52, 263, 52, 52], "intervals": [0, 0.025779, 0.002755, 0.027475, 0.000193]}