{"lengths": [60, 52, 1086, 52, 52], "intervals": [0, 0.025829, 0.000112, 0.145787, 9.99735]}