{"lengths": [60, 52, 569, 52, 103], "intervals": [0, 0.026166, 0.000382, 0.026848, 0.000387]}