{"lengths": [60, 52, 1390, 1390, 1290], "intervals": [0, 0.026589, 0.000717, 0.000184, 0.000246]}