{"lengths": [60, 52, 261, 52, 52], "intervals": [0, 0.025561, 0.000149, 0.026577, 0.000177]}