{"lengths": [165, 164, 164, 165, 164], "intervals": [0, 290.244798, 321.243387, 838.583487, 318.249322]}