{"lengths": [52, 52, 52, 52, 52], "intervals": [0, 10.04801, 10.047981, 10.048004, 10.050529]}