{"lengths": [60, 52, 96, 52, 204], "intervals": [0, 0.081578, 3.318942, 0.080713, 0.000267]}