{"lengths": [60, 52, 201, 108, 94], "intervals": [0, 0.026532, 0.000266, 0.027575, 4.1e-05]}