{"lengths": [60, 52, 1390, 1390, 1290], "intervals": [0, 0.149705, 0.000872, 0.000259, 0.00022]}