{"lengths": [60, 1390, 1390, 479, 52], "intervals": [0, 0.041008, 5.7e-05, 2.2e-05, 0.069062]}