{"lengths": [60, 52, 201, 108, 94], "intervals": [0, 0.026628, 0.00033, 0.026185, 1.2e-05]}