{"lengths": [48, 48, 48, 48, 48], "intervals": [0, 10.045285, 10.03939, 10.039078, 10.03868]}