{"lengths": [60, 52, 1390, 1390, 963], "intervals": [0, 0.026076, 0.001269, 0.000226, 0.000202]}