{"lengths": [48, 40, 1390, 258, 40], "intervals": [0, 0.182099, 0.00312, 9e-05, 1.99822]}