{"lengths": [50, 50, 50, 0, 0], "intervals": [0, 19.519859, 19.981302, 0, 0]}