{"lengths": [171, 171, 100, 59, 171], "intervals": [0, 2.001108, 0.450889, 0.350168, 3.201574]}