{"lengths": [60, 52, 339, 52, 52], "intervals": [0, 0.025643, 0.000148, 0.027102, 9.997602]}