{"lengths": [60, 1390, 1390, 479, 52], "intervals": [0, 0.115273, 5e-05, 1.5e-05, 0.187653]}