{"lengths": [60, 40, 331, 40, 40], "intervals": [0, 0.190264, 0.000172, 0.185063, 7e-05]}