{"lengths": [148, 50, 189, 98, 169], "intervals": [0, 0.069379, 0.037759, 0.038207, 0.0261]}