{"lengths": [60, 52, 114, 52, 52], "intervals": [0, 0.107257, 0.005058, 0.10702, 0.000103]}