{"lengths": [72, 180, 172, 172, 172], "intervals": [0, 0.081593, 890.081328, 890.082963, 890.081299]}