{"lengths": [60, 52, 569, 52, 103], "intervals": [0, 0.025625, 0.000275, 0.026176, 0.000447]}