{"lengths": [60, 52, 1390, 1390, 1390], "intervals": [0, 0.13276, 0.007398, 0.000861, 0.000154]}