{"lengths": [50, 50, 50, 0, 0], "intervals": [0, 19.051235, 20.037065, 0, 0]}