{"lengths": [165, 163, 163, 165, 163], "intervals": [0, 713.067083, 321.243502, 838.521775, 318.310949]}