{"lengths": [52, 52, 52, 52, 52], "intervals": [0, 45.055933, 45.056063, 45.05601, 45.055992]}