{"lengths": [60, 52, 1390, 177, 52], "intervals": [0, 0.026645, 0.002609, 5.1e-05, 10.031391]}