{"lengths": [60, 52, 1390, 1390, 1290], "intervals": [0, 0.028024, 0.002021, 0.000259, 0.000235]}