{"lengths": [60, 52, 96, 52, 204], "intervals": [0, 0.080497, 6.739773, 0.080689, 0.0003]}