{"lengths": [60, 52, 569, 52, 103], "intervals": [0, 0.025856, 0.000304, 0.026354, 0.0006]}