{"lengths": [60, 52, 489, 52, 52], "intervals": [0, 0.026744, 0.00018, 0.047442, 9.996748]}