{"lengths": [60, 52, 204, 109, 97], "intervals": [0, 0.026125, 0.000254, 0.025683, 3.6e-05]}