{"lengths": [272, 272, 272, 272, 182], "intervals": [0, 628.050429, 626.27236, 627.199658, 205.536666]}