{"lengths": [174, 165, 177, 177, 173], "intervals": [0, 392.365694, 321.243392, 1156.832816, 184.640219]}