{"lengths": [45, 970, 75, 48, 48], "intervals": [0, 0.001853, 0.00022, 588.744596, 672.148117]}