{"lengths": [52, 83, 52, 52, 0], "intervals": [0, 15.08647, 5.000153, 4.952359, 0]}