{"lengths": [60, 52, 134, 52, 60], "intervals": [0, 0.189978, 0.001096, 0.192845, 0.000772]}