{"lengths": [60, 52, 1390, 757, 52], "intervals": [0, 0.134462, 0.001238, 9.5e-05, 5.00266]}