{"lengths": [52, 40, 40, 115, 40], "intervals": [0, 0.129221, 2.125601, 2.3784, 0.127517]}