{"lengths": [60, 52, 96, 52, 204], "intervals": [0, 0.081101, 3.319252, 0.080701, 0.000304]}