{"lengths": [60, 40, 90, 40, 40], "intervals": [0, 0.128328, 0.001162, 2.090578, 2.541457]}