{"lengths": [60, 151, 60, 80, 52], "intervals": [0, 0.100261, 0.092543, 0.12825, 0.29783]}