{"lengths": [60, 52, 52, 52, 0], "intervals": [0, 0.02562, 5.546222, 0.02555, 0]}