{"lengths": [60, 144, 60, 79, 52], "intervals": [0, 0.092736, 0.09255, 0.130318, 0.294264]}