{"lengths": [60, 52, 1390, 1390, 1287], "intervals": [0, 0.025925, 0.001023, 0.000193, 0.00023]}