{"lengths": [60, 52, 1390, 1390, 1288], "intervals": [0, 0.026376, 0.000956, 0.000217, 0.000199]}