{"lengths": [60, 52, 96, 52, 204], "intervals": [0, 0.080856, 2.179786, 0.081549, 0.000299]}