{"lengths": [60, 52, 1390, 1390, 960], "intervals": [0, 0.025905, 0.000872, 0.000219, 0.000147]}