{"lengths": [52, 83, 52, 52, 0], "intervals": [0, 15.067073, 4.999644, 4.952384, 0]}