{"lengths": [52, 52, 52, 0, 0], "intervals": [0, 5.420097, 0.025893, 0, 0]}