{"lengths": [60, 52, 204, 109, 97], "intervals": [0, 0.026398, 0.000278, 0.026633, 4.2e-05]}