{"lengths": [45, 75, 970, 48, 48], "intervals": [0, 0.002302, 0.236916, 482.669305, 608.501933]}