{"lengths": [171, 171, 100, 59, 171], "intervals": [0, 2.001173, 0.450887, 0.35019, 3.201626]}