{"lengths": [60, 52, 255, 52, 52], "intervals": [0, 0.025784, 0.000246, 0.026639, 8.2e-05]}