{"lengths": [60, 52, 1390, 1390, 1291], "intervals": [0, 0.028861, 0.001086, 0.000255, 0.000235]}