{"lengths": [60, 52, 254, 52, 52], "intervals": [0, 0.028069, 0.00029, 0.032977, 0.000297]}