{"lengths": [60, 52, 504, 52, 52], "intervals": [0, 0.03801, 0.000127, 0.042564, 7.8e-05]}