{"lengths": [93, 52, 93, 52, 93], "intervals": [0, 0.062684, 58.806639, 0.025513, 58.463882]}