{"lengths": [60, 52, 251, 52, 52], "intervals": [0, 0.025611, 0.00022, 0.026457, 0.00025]}