{"lengths": [60, 52, 1390, 1390, 1291], "intervals": [0, 0.026835, 0.001012, 0.000194, 0.000207]}