{"lengths": [60, 52, 259, 52, 52], "intervals": [0, 0.025657, 0.000176, 0.026561, 0.000114]}