{"lengths": [60, 52, 1390, 1390, 962], "intervals": [0, 0.025947, 0.000793, 0.000176, 0.000314]}