{"lengths": [60, 52, 251, 52, 52], "intervals": [0, 0.039807, 0.000125, 0.040203, 0.000247]}