{"lengths": [72, 180, 172, 172, 172], "intervals": [0, 0.081563, 890.081405, 890.08403, 890.086141]}