{"lengths": [52, 52, 52, 52, 52], "intervals": [0, 45.092052, 45.05603, 45.056044, 45.055861]}