{"lengths": [72, 180, 172, 172, 172], "intervals": [0, 0.081199, 890.081556, 890.081525, 890.082584]}