{"lengths": [60, 52, 114, 52, 52], "intervals": [0, 0.036947, 0.002611, 0.038397, 3.7e-05]}