{"lengths": [72, 180, 172, 172, 172], "intervals": [0, 0.081168, 890.08226, 890.082123, 890.081588]}