{"lengths": [60, 52, 96, 52, 204], "intervals": [0, 0.080817, 5.599619, 0.081219, 0.000274]}