{"lengths": [60, 52, 1390, 1390, 1290], "intervals": [0, 0.027785, 0.000252, 6.9e-05, 4e-05]}