{"lengths": [60, 52, 1390, 1390, 1290], "intervals": [0, 0.026309, 0.000913, 0.000255, 0.000247]}