{"lengths": [60, 52, 1390, 1390, 1289], "intervals": [0, 0.093928, 0.000866, 0.000257, 0.000234]}