{"lengths": [60, 52, 263, 52, 52], "intervals": [0, 0.026, 0.03746, 0.028008, 0.000178]}