{"lengths": [60, 52, 264, 52, 52], "intervals": [0, 0.02273, 0.000114, 0.030679, 0.003556]}