{"lengths": [60, 52, 1390, 1390, 964], "intervals": [0, 0.027385, 0.002317, 0.000103, 8.9e-05]}