{"lengths": [60, 52, 261, 52, 52], "intervals": [0, 0.0258, 0.000361, 0.026999, 0.000257]}