{"lengths": [60, 52, 156, 128, 52], "intervals": [0, 5.000763, 5.2e-05, 0.080959, 172.418093]}