{"lengths": [60, 52, 1390, 1390, 1291], "intervals": [0, 0.026255, 0.000947, 0.00021, 0.000212]}