{"lengths": [108, 57, 57, 57, 57], "intervals": [0, 428.676186, 539.168987, 540.176246, 540.227454]}