{"lengths": [167, 167, 166, 166, 166], "intervals": [0, 6.048442, 560.61613, 6.042482, 315.205121]}