{"lengths": [52, 52, 52, 52, 52], "intervals": [0, 10.048081, 10.047895, 10.04834, 10.048425]}