{"lengths": [786, 52, 52, 52, 93], "intervals": [0, 0.023286, 0.000108, 4.7e-05, 58.421732]}