{"lengths": [60, 52, 1390, 1390, 1291], "intervals": [0, 0.025939, 0.000724, 0.000267, 0.000217]}