{"lengths": [60, 52, 201, 108, 94], "intervals": [0, 0.02637, 0.000261, 0.026347, 4.7e-05]}