{"lengths": [60, 52, 156, 128, 52], "intervals": [0, 3.840585, 7.3e-05, 0.080978, 8.457454]}