{"lengths": [60, 52, 96, 52, 204], "intervals": [0, 0.080742, 1.040175, 0.080749, 0.000284]}