{"lengths": [60, 52, 156, 128, 52], "intervals": [0, 0.439901, 6.4e-05, 0.08073, 176.984748]}