{"lengths": [40, 40, 40, 40, 40], "intervals": [0, 45.057246, 45.055089, 45.056635, 45.05607]}