{"lengths": [52, 52, 52, 52, 52], "intervals": [0, 45.024132, 45.055929, 45.056098, 45.05635]}