{"lengths": [52, 52, 52, 52, 52], "intervals": [0, 45.055968, 45.055988, 45.056054, 45.056114]}