{"lengths": [60, 137, 60, 52, 95], "intervals": [0, 0.109893, 0.108294, 0.045224, 0.101218]}