{"lengths": [164, 164, 162, 162, 164], "intervals": [0, 626.791861, 86.275205, 321.243476, 838.521778]}