{"lengths": [60, 52, 1390, 1390, 1290], "intervals": [0, 0.02585, 0.001006, 0.000234, 0.000204]}