{"lengths": [60, 52, 149, 52, 60], "intervals": [0, 0.0933, 0.00103, 0.092008, 0.000958]}