{"lengths": [52, 93, 93, 117, 97], "intervals": [0, 5.4e-05, 58.866949, 58.489959, 8.2e-05]}