{"lengths": [60, 52, 255, 52, 52], "intervals": [0, 0.025734, 0.001041, 0.027975, 0.000266]}