{"lengths": [60, 52, 96, 52, 204], "intervals": [0, 0.080714, 4.899649, 0.086971, 0.000345]}