{"lengths": [60, 52, 324, 52, 52], "intervals": [0, 0.130966, 0.000175, 0.132666, 0.001505]}