{"lengths": [60, 52, 261, 52, 52], "intervals": [0, 0.025663, 0.000308, 0.028283, 0.000114]}