{"lengths": [60, 52, 251, 52, 52], "intervals": [0, 0.025828, 0.000221, 0.027648, 9.9e-05]}