{"lengths": [52, 52, 52, 52, 0], "intervals": [0, 45.056031, 45.055987, 14.740712, 0]}