{"lengths": [60, 52, 255, 52, 52], "intervals": [0, 0.026428, 0.000236, 0.026506, 3.5e-05]}