{"lengths": [60, 149, 60, 52, 91], "intervals": [0, 0.115024, 0.116053, 0.056312, 0.093626]}