{"lengths": [60, 52, 569, 52, 103], "intervals": [0, 0.026281, 0.000146, 0.027009, 0.000323]}