{"lengths": [93, 52, 93, 52, 93], "intervals": [0, 0.065517, 58.803254, 0.025447, 58.464567]}