{"lengths": [60, 52, 1390, 1390, 1291], "intervals": [0, 0.026394, 0.001458, 0.000285, 0.000204]}