{"lengths": [60, 52, 569, 52, 103], "intervals": [0, 0.026981, 0.000126, 0.026909, 0.00018]}