{"lengths": [60, 52, 251, 52, 52], "intervals": [0, 0.025617, 0.000182, 0.026478, 0.000234]}