{"lengths": [60, 52, 151, 52, 60], "intervals": [0, 0.087576, 0.000263, 0.096762, 0.00046]}