{"lengths": [60, 52, 261, 52, 52], "intervals": [0, 0.026357, 0.000363, 0.028022, 0.000196]}