{"lengths": [49, 49, 49, 49, 49], "intervals": [0, 297.189435, 0.000656, 321.243009, 7.3e-05]}