{"lengths": [60, 52, 130, 52, 60], "intervals": [0, 0.061322, 0.000281, 0.06362, 0.001312]}