{"lengths": [60, 52, 1390, 1390, 1291], "intervals": [0, 0.026255, 0.001044, 0.000229, 0.000235]}