{"lengths": [72, 180, 172, 172, 172], "intervals": [0, 0.08151, 890.082128, 890.08198, 890.081733]}