{"lengths": [60, 52, 1390, 1390, 1287], "intervals": [0, 0.027496, 0.00014, 0.000105, 0.000105]}