{"lengths": [60, 52, 1390, 1390, 1290], "intervals": [0, 0.026721, 0.006564, 0.000326, 0.000161]}