{"lengths": [60, 52, 255, 52, 52], "intervals": [0, 0.025634, 0.000117, 0.026624, 0.000249]}