{"lengths": [94, 39, 676, 82, 82], "intervals": [0, 0.033311, 101.948325, 203.007364, 0.000201]}