{"lengths": [148, 148, 148, 148, 148], "intervals": [0, 16.809487, 14.403005, 0.959274, 0.96014]}