{"lengths": [60, 52, 1390, 1390, 768], "intervals": [0, 0.02298, 0.000853, 0.000202, 0.000129]}