{"lengths": [60, 52, 1390, 1390, 133], "intervals": [0, 0.027553, 0.00243, 4e-05, 2.3e-05]}