{"lengths": [60, 52, 255, 52, 52], "intervals": [0, 0.028044, 0.00012, 0.029892, 0.000272]}