{"lengths": [60, 52, 569, 52, 103], "intervals": [0, 0.025558, 0.000298, 0.026973, 0.000352]}