{"lengths": [180, 179, 179, 179, 179], "intervals": [0, 305.274506, 3.4e-05, 321.243382, 2.7e-05]}