{"lengths": [296, 429, 465, 334, 429], "intervals": [0, 569.634129, 715.910992, 193.582589, 46.122791]}