{"lengths": [60, 52, 569, 52, 103], "intervals": [0, 0.026261, 0.000235, 0.026558, 0.000425]}