{"lengths": [60, 52, 251, 52, 52], "intervals": [0, 0.026112, 0.00014, 0.026903, 0.000153]}