{"lengths": [49, 49, 49, 0, 0], "intervals": [0, 18.988158, 19.980489, 0, 0]}