{"lengths": [81, 81, 49, 0, 0], "intervals": [0, 0.06039, 3835.060144, 0, 0]}