{"lengths": [745, 617, 52, 617, 617], "intervals": [0, 0.196834, 3.07172, 0.065809, 0.188566]}