{"lengths": [60, 52, 255, 52, 52], "intervals": [0, 0.025507, 0.000839, 0.026509, 0.000246]}