{"lengths": [93, 52, 93, 52, 52], "intervals": [0, 0.025432, 58.975163, 0.025837, 4.8e-05]}