{"lengths": [48, 48, 48, 48, 48], "intervals": [0, 820.424421, 611.458638, 611.366091, 612.810192]}