{"lengths": [60, 52, 204, 109, 97], "intervals": [0, 0.026526, 0.000314, 0.026455, 4.6e-05]}