{"lengths": [60, 52, 1390, 1390, 723], "intervals": [0, 0.022749, 0.000724, 0.000229, 6.9e-05]}