{"lengths": [60, 52, 201, 108, 94], "intervals": [0, 0.026796, 0.00047, 0.026704, 3.9e-05]}