{"lengths": [60, 52, 96, 52, 204], "intervals": [0, 0.080476, 5.58037, 0.080797, 0.000421]}