{"lengths": [60, 52, 251, 52, 52], "intervals": [0, 0.02557, 0.000275, 0.026502, 0.000208]}