{"lengths": [159, 166, 61, 173, 159], "intervals": [0, 321.243532, 150.385895, 688.134911, 318.311884]}