{"lengths": [60, 52, 1390, 1390, 1288], "intervals": [0, 0.02654, 0.002137, 0.000163, 0.000195]}