{"lengths": [60, 52, 261, 52, 52], "intervals": [0, 0.025576, 0.000162, 0.026479, 0.000225]}