{"lengths": [60, 137, 105, 52, 70], "intervals": [0, 0.114001, 0.065387, 0.260978, 0.072078]}