{"lengths": [52, 52, 52, 0, 0], "intervals": [0, 4.194848, 0.130145, 0, 0]}