{"lengths": [60, 52, 1390, 1390, 1288], "intervals": [0, 0.026485, 0.001309, 0.000253, 0.000258]}