{"lengths": [60, 52, 201, 108, 94], "intervals": [0, 0.027181, 0.000203, 0.027308, 7.2e-05]}