{"lengths": [52, 52, 52, 52, 0], "intervals": [0, 15.172051, 4.999974, 4.856684, 0]}