{"lengths": [60, 52, 255, 52, 52], "intervals": [0, 0.026163, 0.000142, 0.030226, 0.000202]}