{"lengths": [52, 93, 93, 117, 97], "intervals": [0, 9.6e-05, 58.869197, 58.490631, 2.9e-05]}