{"lengths": [93, 52, 93, 52, 97], "intervals": [0, 0.147727, 58.080556, 0.147833, 5.21503]}