{"lengths": [49, 49, 49, 49, 49], "intervals": [0, 305.27732, 1.8e-05, 321.24357, 6.8e-05]}