{"lengths": [60, 52, 1390, 1390, 1289], "intervals": [0, 0.025803, 0.000983, 0.000227, 0.000208]}