{"lengths": [60, 52, 156, 128, 52], "intervals": [0, 1.580871, 5.6e-05, 0.081282, 10.720777]}