{"lengths": [60, 52, 569, 52, 103], "intervals": [0, 0.025548, 0.00016, 0.026007, 0.000268]}