{"lengths": [60, 52, 261, 52, 52], "intervals": [0, 0.025556, 0.001464, 0.026738, 0.000252]}