{"lengths": [491, 491, 491, 491, 491], "intervals": [0, 203.780468, 616.924921, 611.361058, 611.436527]}