{"lengths": [60, 52, 250, 52, 52], "intervals": [0, 0.026033, 0.000157, 0.027431, 0.000151]}