{"lengths": [60, 52, 1390, 1390, 1289], "intervals": [0, 0.025994, 0.000834, 0.000248, 0.000177]}