{"lengths": [60, 52, 1390, 1390, 1289], "intervals": [0, 0.026858, 0.001038, 7.7e-05, 6.1e-05]}