{"lengths": [60, 52, 1390, 1390, 963], "intervals": [0, 0.028514, 0.001056, 0.000182, 0.000172]}