{"lengths": [60, 52, 251, 52, 52], "intervals": [0, 0.025484, 0.0001, 0.02648, 0.000233]}