{"lengths": [52, 52, 52, 52, 52], "intervals": [0, 45.051929, 45.052003, 45.051968, 45.051998]}