{"lengths": [60, 52, 205, 108, 94], "intervals": [0, 0.028134, 5.4e-05, 0.031621, 0.000122]}