{"lengths": [60, 52, 201, 108, 94], "intervals": [0, 0.026526, 0.000366, 0.026365, 7.9e-05]}