{"lengths": [60, 52, 1390, 1390, 947], "intervals": [0, 0.139297, 0.001203, 0.000251, 0.000171]}