{"lengths": [60, 52, 1390, 1390, 1110], "intervals": [0, 0.026056, 0.001917, 0.000231, 0.000179]}