{"lengths": [60, 52, 261, 52, 52], "intervals": [0, 0.025667, 0.000344, 0.026782, 0.000254]}