{"lengths": [60, 52, 201, 108, 94], "intervals": [0, 0.026529, 3.3e-05, 0.02593, 2.9e-05]}