{"lengths": [60, 52, 156, 128, 52], "intervals": [0, 2.261283, 5.3e-05, 0.081781, 175.161479]}