{"lengths": [60, 52, 1390, 1390, 1289], "intervals": [0, 0.039356, 0.000997, 0.000251, 0.000228]}