{"lengths": [52, 52, 52, 52, 52], "intervals": [0, 45.033032, 45.054707, 45.056221, 45.055937]}