{"lengths": [52, 52, 52, 52, 52], "intervals": [0, 45.092071, 45.056003, 45.056007, 45.05596]}