{"lengths": [60, 52, 96, 52, 204], "intervals": [0, 0.080714, 1.01976, 0.081269, 0.000167]}