{"lengths": [171, 183, 184, 178, 181], "intervals": [0, 321.243481, 669.465774, 672.007371, 608.261318]}