{"lengths": [60, 52, 96, 52, 204], "intervals": [0, 0.080636, 2.639571, 0.080589, 0.000237]}