{"lengths": [132, 104, 80, 80, 80], "intervals": [0, 0.081177, 890.083005, 890.081508, 890.081399]}