{"lengths": [60, 60, 60, 60, 60], "intervals": [0, 10.039077, 10.039247, 10.038464, 10.040425]}