{"lengths": [60, 52, 253, 52, 52], "intervals": [0, 0.025773, 0.000126, 0.0277, 0.000281]}