{"lengths": [60, 52, 255, 52, 52], "intervals": [0, 0.025682, 0.000145, 0.02648, 0.000322]}