{"lengths": [79, 93, 52, 52, 80], "intervals": [0, 0.00013, 0.038345, 12.298983, 5.7e-05]}