{"lengths": [60, 52, 263, 52, 52], "intervals": [0, 0.026164, 0.000565, 0.027619, 0.000195]}