{"lengths": [60, 52, 156, 128, 52], "intervals": [0, 3.380593, 7e-05, 0.080959, 8.918263]}