{"lengths": [60, 52, 1390, 1390, 1290], "intervals": [0, 0.026229, 0.00177, 0.000255, 0.000185]}