{"lengths": [60, 52, 1390, 1390, 1286], "intervals": [0, 0.026546, 0.002268, 0.000194, 0.0002]}