{"lengths": [39, 48, 86, 86, 86], "intervals": [0, 346.240511, 137.693013, 305.326755, 321.250994]}