{"lengths": [60, 52, 103, 52, 60], "intervals": [0, 0.103264, 0.000999, 0.104813, 0.001145]}