{"lengths": [52, 52, 52, 52, 52], "intervals": [0, 45.115996, 45.056034, 45.055956, 45.056014]}