{"lengths": [136, 136, 136, 137, 137], "intervals": [0, 2.013763, 4.031968, 6.479065, 2.039254]}