{"lengths": [60, 52, 263, 52, 52], "intervals": [0, 0.027471, 0.02825, 0.027317, 0.000218]}