{"lengths": [60, 1390, 1390, 479, 52], "intervals": [0, 0.112082, 0.000133, 7e-05, 0.184948]}