{"lengths": [60, 52, 201, 108, 94], "intervals": [0, 0.027025, 0.00026, 0.026893, 4.9e-05]}