{"lengths": [52, 52, 111, 1140, 251], "intervals": [0, 4.2e-05, 0.106427, 0.000128, 5.1e-05]}