{"lengths": [55, 67, 52, 55, 62], "intervals": [0, 0.046222, 0.083255, 0.023404, 0.082795]}