{"lengths": [60, 52, 225, 52, 105], "intervals": [0, 0.024059, 0.000266, 0.034566, 0.000388]}