{"lengths": [60, 52, 1390, 1390, 1291], "intervals": [0, 0.025569, 0.000976, 0.00029, 0.000141]}