{"lengths": [60, 60, 60, 60, 60], "intervals": [0, 0.996763, 2.004004, 4.007992, 8.015997]}