{"lengths": [60, 127, 60, 52, 83], "intervals": [0, 0.063496, 0.061342, 0.029513, 0.060675]}