{"lengths": [60, 52, 201, 108, 94], "intervals": [0, 0.027116, 5.2e-05, 0.027085, 5.1e-05]}