{"lengths": [48, 40, 628, 1390, 1390], "intervals": [0, 0.162906, 0.082466, 0.000577, 0.000119]}