{"lengths": [60, 52, 261, 52, 52], "intervals": [0, 0.026656, 0.000206, 0.026835, 0.000158]}