{"lengths": [93, 52, 93, 52, 93], "intervals": [0, 0.06379, 58.805728, 0.026293, 58.4631]}