{"lengths": [60, 52, 1390, 1390, 1289], "intervals": [0, 0.026264, 0.000935, 0.000225, 0.000223]}