{"lengths": [197, 197, 197, 205, 197], "intervals": [0, 81.062081, 32.771986, 103.674158, 46.747707]}