{"lengths": [60, 52, 1390, 1390, 1287], "intervals": [0, 0.025876, 0.000795, 0.000243, 0.000247]}