{"lengths": [60, 52, 201, 108, 94], "intervals": [0, 0.026137, 0.000151, 0.026408, 5e-05]}