{"lengths": [60, 52, 105, 52, 60], "intervals": [0, 0.189041, 0.001014, 0.18966, 0.00098]}