{"lengths": [60, 52, 1390, 1390, 1289], "intervals": [0, 0.02566, 0.000937, 0.000232, 0.000238]}