{"lengths": [56, 55, 165, 52, 52], "intervals": [0, 14.80371, 0.031853, 0.068778, 0.032182]}