{"lengths": [177, 165, 166, 174, 179], "intervals": [0, 309.357971, 9.496697, 311.746657, 665.295964]}