{"lengths": [60, 52, 255, 52, 52], "intervals": [0, 0.03898, 0.000129, 0.040197, 0.000197]}